[0m01:46:30.190156 [debug] [MainThread]: Sending event: {'category': 'dbt', 'action': 'invocation', 'label': 'start', 'context': [<snowplow_tracker.self_describing_json.SelfDescribingJson object at 0x106bd4b90>, <snowplow_tracker.self_describing_json.SelfDescribingJson object at 0x106d7eb40>, <snowplow_tracker.self_describing_json.SelfDescribingJson object at 0x106d7e690>]}


============================== 01:46:30.193300 | d90aaa29-a7f7-48b4-906b-7ca7232b4106 ==============================
[0m01:46:30.193300 [info ] [MainThread]: Running with dbt=1.11.11
[0m01:46:30.193671 [debug] [MainThread]: running dbt with arguments {'target_path': 'None', 'introspect': 'True', 'profiles_dir': '.', 'indirect_selection': 'eager', 'quiet': 'False', 'no_print': 'None', 'empty': 'None', 'log_format': 'default', 'invocation_command': 'dbt debug --profiles-dir .', 'send_anonymous_usage_stats': 'True', 'log_path': '/Users/ankita/insurance-platform/transform/logs', 'fail_fast': 'False', 'warn_error': 'None', 'printer_width': '80', 'use_colors': 'True', 'partial_parse': 'True', 'cache_selected_only': 'False', 'debug': 'False', 'warn_error_options': 'WarnErrorOptionsV2(error=[], warn=[], silence=[])', 'write_json': 'True', 'version_check': 'True', 'use_experimental_parser': 'False', 'static_parser': 'True', 'log_cache_events': 'False'}
[0m01:46:30.204808 [info ] [MainThread]: dbt version: 1.11.11
[0m01:46:30.205056 [info ] [MainThread]: python version: 3.12.4
[0m01:46:30.205225 [info ] [MainThread]: python path: /Users/ankita/data-platform/.venv/bin/python3.12
[0m01:46:30.205374 [info ] [MainThread]: os info: macOS-26.5.1-arm64-arm-64bit
[0m01:46:30.343173 [info ] [MainThread]: Using profiles dir at .
[0m01:46:30.343452 [info ] [MainThread]: Using profiles.yml file at ./profiles.yml
[0m01:46:30.343612 [info ] [MainThread]: Using dbt_project.yml file at /Users/ankita/insurance-platform/transform/dbt_project.yml
[0m01:46:30.344629 [info ] [MainThread]: adapter type: duckdb
[0m01:46:30.344832 [info ] [MainThread]: adapter version: 1.10.1
[0m01:46:30.394115 [info ] [MainThread]: Configuration:
[0m01:46:30.394394 [info ] [MainThread]:   profiles.yml file [[32mOK found and valid[0m]
[0m01:46:30.394556 [info ] [MainThread]:   dbt_project.yml file [[32mOK found and valid[0m]
[0m01:46:30.394702 [info ] [MainThread]: Required dependencies:
[0m01:46:30.394902 [debug] [MainThread]: Executing "git --help"
[0m01:46:30.409903 [debug] [MainThread]: STDOUT: "b"usage: git [-v | --version] [-h | --help] [-C <path>] [-c <name>=<value>]\n           [--exec-path[=<path>]] [--html-path] [--man-path] [--info-path]\n           [-p | --paginate | -P | --no-pager] [--no-replace-objects] [--bare]\n           [--git-dir=<path>] [--work-tree=<path>] [--namespace=<name>]\n           [--super-prefix=<path>] [--config-env=<name>=<envvar>]\n           <command> [<args>]\n\nThese are common Git commands used in various situations:\n\nstart a working area (see also: git help tutorial)\n   clone     Clone a repository into a new directory\n   init      Create an empty Git repository or reinitialize an existing one\n\nwork on the current change (see also: git help everyday)\n   add       Add file contents to the index\n   mv        Move or rename a file, a directory, or a symlink\n   restore   Restore working tree files\n   rm        Remove files from the working tree and from the index\n\nexamine the history and state (see also: git help revisions)\n   bisect    Use binary search to find the commit that introduced a bug\n   diff      Show changes between commits, commit and working tree, etc\n   grep      Print lines matching a pattern\n   log       Show commit logs\n   show      Show various types of objects\n   status    Show the working tree status\n\ngrow, mark and tweak your common history\n   branch    List, create, or delete branches\n   commit    Record changes to the repository\n   merge     Join two or more development histories together\n   rebase    Reapply commits on top of another base tip\n   reset     Reset current HEAD to the specified state\n   switch    Switch branches\n   tag       Create, list, delete or verify a tag object signed with GPG\n\ncollaborate (see also: git help workflows)\n   fetch     Download objects and refs from another repository\n   pull      Fetch from and integrate with another repository or a local branch\n   push      Update remote refs along with associated objects\n\n'git help -a' and 'git help -g' list available subcommands and some\nconcept guides. See 'git help <command>' or 'git help <concept>'\nto read about a specific subcommand or concept.\nSee 'git help git' for an overview of the system.\n""
[0m01:46:30.410583 [debug] [MainThread]: STDERR: "b''"
[0m01:46:30.410792 [info ] [MainThread]:  - git [[32mOK found[0m]

[0m01:46:30.410981 [info ] [MainThread]: Connection:
[0m01:46:30.411175 [info ] [MainThread]:   database: insurance
[0m01:46:30.411321 [info ] [MainThread]:   schema: main
[0m01:46:30.411460 [info ] [MainThread]:   path: ../data/insurance.duckdb
[0m01:46:30.411596 [info ] [MainThread]:   config_options: None
[0m01:46:30.411724 [info ] [MainThread]:   extensions: None
[0m01:46:30.411854 [info ] [MainThread]:   settings: {}
[0m01:46:30.411978 [info ] [MainThread]:   external_root: .
[0m01:46:30.412101 [info ] [MainThread]:   use_credential_provider: None
[0m01:46:30.412226 [info ] [MainThread]:   attach: None
[0m01:46:30.412347 [info ] [MainThread]:   filesystems: None
[0m01:46:30.412471 [info ] [MainThread]:   remote: None
[0m01:46:30.412603 [info ] [MainThread]:   plugins: None
[0m01:46:30.412728 [info ] [MainThread]:   disable_transactions: False
[0m01:46:30.413069 [info ] [MainThread]: Registered adapter: duckdb=1.10.1
[0m01:46:30.810874 [debug] [MainThread]: Acquiring new duckdb connection 'debug'
[0m01:46:30.853323 [debug] [MainThread]: Using duckdb connection "debug"
[0m01:46:30.853594 [debug] [MainThread]: On debug: select 1 as id
[0m01:46:30.853755 [debug] [MainThread]: Opening a new connection, currently in state init
[0m01:46:30.863795 [debug] [MainThread]: DuckDB adapter: duckdb error: IO Error: Could not set lock on file "/Users/ankita/insurance-platform/data/insurance.duckdb": Conflicting lock is held in /opt/homebrew/Cellar/duckdb/1.5.4/bin/duckdb (PID 16875) by user ankita. However, you would be able to open this database in read-only mode, e.g. by using the -readonly parameter in the CLI. See also https://duckdb.org/docs/stable/connect/concurrency
[0m01:46:30.864043 [debug] [MainThread]: DuckDB adapter: Error running SQL: select 1 as id
[0m01:46:30.864205 [debug] [MainThread]: DuckDB adapter: Rolling back transaction.
[0m01:46:30.864355 [debug] [MainThread]: Opening a new connection, currently in state init
[0m01:46:30.867309 [info ] [MainThread]:   Connection test: [[31mERROR[0m]

[0m01:46:30.867515 [info ] [MainThread]: [31m1 check failed:[0m
[0m01:46:30.867684 [info ] [MainThread]: dbt was unable to connect to the specified database.
The database returned the following error:

  >IO Error: Could not set lock on file "/Users/ankita/insurance-platform/data/insurance.duckdb": Conflicting lock is held in /opt/homebrew/Cellar/duckdb/1.5.4/bin/duckdb (PID 16875) by user ankita. However, you would be able to open this database in read-only mode, e.g. by using the -readonly parameter in the CLI. See also https://duckdb.org/docs/stable/connect/concurrency

Check your database credentials and try again. For more information, visit:
https://docs.getdbt.com/docs/configure-your-profile


[0m01:46:31.157376 [debug] [MainThread]: Resource report: {"command_name": "debug", "command_success": false, "command_wall_clock_time": 1.016223, "process_in_blocks": "0", "process_kernel_time": 0.209361, "process_mem_max_rss": "139411456", "process_out_blocks": "0", "process_user_time": 0.90507}
[0m01:46:31.157776 [debug] [MainThread]: Command `dbt debug` failed at 01:46:31.157718 after 1.02 seconds
[0m01:46:31.157992 [debug] [MainThread]: Connection 'debug' was properly closed.
[0m01:46:31.158222 [debug] [MainThread]: Sending event: {'category': 'dbt', 'action': 'invocation', 'label': 'end', 'context': [<snowplow_tracker.self_describing_json.SelfDescribingJson object at 0x102336d50>, <snowplow_tracker.self_describing_json.SelfDescribingJson object at 0x106f038c0>, <snowplow_tracker.self_describing_json.SelfDescribingJson object at 0x106d60a10>]}
[0m01:46:31.158481 [debug] [MainThread]: Flushing usage events
[0m01:46:32.346942 [debug] [MainThread]: An error was encountered while trying to flush usage events
[0m01:46:41.977700 [debug] [MainThread]: Sending event: {'category': 'dbt', 'action': 'invocation', 'label': 'start', 'context': [<snowplow_tracker.self_describing_json.SelfDescribingJson object at 0x107604860>, <snowplow_tracker.self_describing_json.SelfDescribingJson object at 0x10889eb10>, <snowplow_tracker.self_describing_json.SelfDescribingJson object at 0x10889e630>]}


============================== 01:46:41.980512 | 2c71e541-4556-4fba-b6a7-be7abaa5bd29 ==============================
[0m01:46:41.980512 [info ] [MainThread]: Running with dbt=1.11.11
[0m01:46:41.980848 [debug] [MainThread]: running dbt with arguments {'fail_fast': 'False', 'use_experimental_parser': 'False', 'use_colors': 'True', 'profiles_dir': '.', 'introspect': 'True', 'write_json': 'True', 'target_path': 'None', 'empty': 'None', 'static_parser': 'True', 'warn_error_options': 'WarnErrorOptionsV2(error=[], warn=[], silence=[])', 'log_format': 'default', 'log_path': '/Users/ankita/insurance-platform/transform/logs', 'debug': 'False', 'indirect_selection': 'eager', 'invocation_command': 'dbt debug --profiles-dir .', 'send_anonymous_usage_stats': 'True', 'warn_error': 'None', 'partial_parse': 'True', 'no_print': 'None', 'version_check': 'True', 'cache_selected_only': 'False', 'printer_width': '80', 'log_cache_events': 'False', 'quiet': 'False'}
[0m01:46:41.989406 [info ] [MainThread]: dbt version: 1.11.11
[0m01:46:41.989624 [info ] [MainThread]: python version: 3.12.4
[0m01:46:41.989784 [info ] [MainThread]: python path: /Users/ankita/data-platform/.venv/bin/python3.12
[0m01:46:41.989932 [info ] [MainThread]: os info: macOS-26.5.1-arm64-arm-64bit
[0m01:46:42.053129 [info ] [MainThread]: Using profiles dir at .
[0m01:46:42.053426 [info ] [MainThread]: Using profiles.yml file at ./profiles.yml
[0m01:46:42.053589 [info ] [MainThread]: Using dbt_project.yml file at /Users/ankita/insurance-platform/transform/dbt_project.yml
[0m01:46:42.054644 [info ] [MainThread]: adapter type: duckdb
[0m01:46:42.054807 [info ] [MainThread]: adapter version: 1.10.1
[0m01:46:42.102694 [info ] [MainThread]: Configuration:
[0m01:46:42.102983 [info ] [MainThread]:   profiles.yml file [[32mOK found and valid[0m]
[0m01:46:42.103151 [info ] [MainThread]:   dbt_project.yml file [[32mOK found and valid[0m]
[0m01:46:42.103299 [info ] [MainThread]: Required dependencies:
[0m01:46:42.103502 [debug] [MainThread]: Executing "git --help"
[0m01:46:42.119513 [debug] [MainThread]: STDOUT: "b"usage: git [-v | --version] [-h | --help] [-C <path>] [-c <name>=<value>]\n           [--exec-path[=<path>]] [--html-path] [--man-path] [--info-path]\n           [-p | --paginate | -P | --no-pager] [--no-replace-objects] [--bare]\n           [--git-dir=<path>] [--work-tree=<path>] [--namespace=<name>]\n           [--super-prefix=<path>] [--config-env=<name>=<envvar>]\n           <command> [<args>]\n\nThese are common Git commands used in various situations:\n\nstart a working area (see also: git help tutorial)\n   clone     Clone a repository into a new directory\n   init      Create an empty Git repository or reinitialize an existing one\n\nwork on the current change (see also: git help everyday)\n   add       Add file contents to the index\n   mv        Move or rename a file, a directory, or a symlink\n   restore   Restore working tree files\n   rm        Remove files from the working tree and from the index\n\nexamine the history and state (see also: git help revisions)\n   bisect    Use binary search to find the commit that introduced a bug\n   diff      Show changes between commits, commit and working tree, etc\n   grep      Print lines matching a pattern\n   log       Show commit logs\n   show      Show various types of objects\n   status    Show the working tree status\n\ngrow, mark and tweak your common history\n   branch    List, create, or delete branches\n   commit    Record changes to the repository\n   merge     Join two or more development histories together\n   rebase    Reapply commits on top of another base tip\n   reset     Reset current HEAD to the specified state\n   switch    Switch branches\n   tag       Create, list, delete or verify a tag object signed with GPG\n\ncollaborate (see also: git help workflows)\n   fetch     Download objects and refs from another repository\n   pull      Fetch from and integrate with another repository or a local branch\n   push      Update remote refs along with associated objects\n\n'git help -a' and 'git help -g' list available subcommands and some\nconcept guides. See 'git help <command>' or 'git help <concept>'\nto read about a specific subcommand or concept.\nSee 'git help git' for an overview of the system.\n""
[0m01:46:42.120107 [debug] [MainThread]: STDERR: "b''"
[0m01:46:42.120317 [info ] [MainThread]:  - git [[32mOK found[0m]

[0m01:46:42.120495 [info ] [MainThread]: Connection:
[0m01:46:42.120684 [info ] [MainThread]:   database: insurance
[0m01:46:42.120844 [info ] [MainThread]:   schema: main
[0m01:46:42.120984 [info ] [MainThread]:   path: ../data/insurance.duckdb
[0m01:46:42.121121 [info ] [MainThread]:   config_options: None
[0m01:46:42.121256 [info ] [MainThread]:   extensions: None
[0m01:46:42.121388 [info ] [MainThread]:   settings: {}
[0m01:46:42.121523 [info ] [MainThread]:   external_root: .
[0m01:46:42.121648 [info ] [MainThread]:   use_credential_provider: None
[0m01:46:42.121779 [info ] [MainThread]:   attach: None
[0m01:46:42.121906 [info ] [MainThread]:   filesystems: None
[0m01:46:42.122033 [info ] [MainThread]:   remote: None
[0m01:46:42.122165 [info ] [MainThread]:   plugins: None
[0m01:46:42.122294 [info ] [MainThread]:   disable_transactions: False
[0m01:46:42.122603 [info ] [MainThread]: Registered adapter: duckdb=1.10.1
[0m01:46:42.182063 [debug] [MainThread]: Acquiring new duckdb connection 'debug'
[0m01:46:42.207510 [debug] [MainThread]: Using duckdb connection "debug"
[0m01:46:42.207763 [debug] [MainThread]: On debug: select 1 as id
[0m01:46:42.207922 [debug] [MainThread]: Opening a new connection, currently in state init
[0m01:46:42.213078 [debug] [MainThread]: DuckDB adapter: duckdb error: IO Error: Could not set lock on file "/Users/ankita/insurance-platform/data/insurance.duckdb": Conflicting lock is held in /opt/homebrew/Cellar/duckdb/1.5.4/bin/duckdb (PID 16875) by user ankita. However, you would be able to open this database in read-only mode, e.g. by using the -readonly parameter in the CLI. See also https://duckdb.org/docs/stable/connect/concurrency
[0m01:46:42.213343 [debug] [MainThread]: DuckDB adapter: Error running SQL: select 1 as id
[0m01:46:42.213502 [debug] [MainThread]: DuckDB adapter: Rolling back transaction.
[0m01:46:42.213650 [debug] [MainThread]: Opening a new connection, currently in state init
[0m01:46:42.216768 [info ] [MainThread]:   Connection test: [[31mERROR[0m]

[0m01:46:42.216981 [info ] [MainThread]: [31m1 check failed:[0m
[0m01:46:42.217154 [info ] [MainThread]: dbt was unable to connect to the specified database.
The database returned the following error:

  >IO Error: Could not set lock on file "/Users/ankita/insurance-platform/data/insurance.duckdb": Conflicting lock is held in /opt/homebrew/Cellar/duckdb/1.5.4/bin/duckdb (PID 16875) by user ankita. However, you would be able to open this database in read-only mode, e.g. by using the -readonly parameter in the CLI. See also https://duckdb.org/docs/stable/connect/concurrency

Check your database credentials and try again. For more information, visit:
https://docs.getdbt.com/docs/configure-your-profile


[0m01:46:42.219458 [debug] [MainThread]: Resource report: {"command_name": "debug", "command_success": false, "command_wall_clock_time": 0.28179717, "process_in_blocks": "0", "process_kernel_time": 0.168282, "process_mem_max_rss": "139673600", "process_out_blocks": "0", "process_user_time": 0.90124}
[0m01:46:42.219766 [debug] [MainThread]: Command `dbt debug` failed at 01:46:42.219711 after 0.28 seconds
[0m01:46:42.219963 [debug] [MainThread]: Connection 'debug' was properly closed.
[0m01:46:42.220158 [debug] [MainThread]: Sending event: {'category': 'dbt', 'action': 'invocation', 'label': 'end', 'context': [<snowplow_tracker.self_describing_json.SelfDescribingJson object at 0x107604860>, <snowplow_tracker.self_describing_json.SelfDescribingJson object at 0x108fde120>, <snowplow_tracker.self_describing_json.SelfDescribingJson object at 0x108d4ccb0>]}
[0m01:46:42.220389 [debug] [MainThread]: Flushing usage events
[0m01:46:43.406874 [debug] [MainThread]: An error was encountered while trying to flush usage events
[0m01:52:55.719740 [debug] [MainThread]: Sending event: {'category': 'dbt', 'action': 'invocation', 'label': 'start', 'context': [<snowplow_tracker.self_describing_json.SelfDescribingJson object at 0x105108800>, <snowplow_tracker.self_describing_json.SelfDescribingJson object at 0x105786900>, <snowplow_tracker.self_describing_json.SelfDescribingJson object at 0x105786480>]}


============================== 01:52:55.722754 | f6eb41b6-e246-4fb4-9653-14a77b659c57 ==============================
[0m01:52:55.722754 [info ] [MainThread]: Running with dbt=1.11.11
[0m01:52:55.723096 [debug] [MainThread]: running dbt with arguments {'empty': 'None', 'profiles_dir': '.', 'printer_width': '80', 'invocation_command': 'dbt debug --profiles-dir .', 'write_json': 'True', 'warn_error': 'None', 'log_format': 'default', 'log_cache_events': 'False', 'indirect_selection': 'eager', 'static_parser': 'True', 'debug': 'False', 'cache_selected_only': 'False', 'no_print': 'None', 'target_path': 'None', 'log_path': '/Users/ankita/insurance-platform/transform/logs', 'quiet': 'False', 'fail_fast': 'False', 'version_check': 'True', 'use_colors': 'True', 'warn_error_options': 'WarnErrorOptionsV2(error=[], warn=[], silence=[])', 'send_anonymous_usage_stats': 'True', 'introspect': 'True', 'use_experimental_parser': 'False', 'partial_parse': 'True'}
[0m01:52:55.732978 [info ] [MainThread]: dbt version: 1.11.11
[0m01:52:55.733189 [info ] [MainThread]: python version: 3.12.4
[0m01:52:55.733343 [info ] [MainThread]: python path: /Users/ankita/data-platform/.venv/bin/python3.12
[0m01:52:55.733486 [info ] [MainThread]: os info: macOS-26.5.1-arm64-arm-64bit
[0m01:52:55.874353 [info ] [MainThread]: Using profiles dir at .
[0m01:52:55.874683 [info ] [MainThread]: Using profiles.yml file at ./profiles.yml
[0m01:52:55.874857 [info ] [MainThread]: Using dbt_project.yml file at /Users/ankita/insurance-platform/transform/dbt_project.yml
[0m01:52:55.876112 [info ] [MainThread]: adapter type: duckdb
[0m01:52:55.876345 [info ] [MainThread]: adapter version: 1.10.1
[0m01:52:55.925574 [info ] [MainThread]: Configuration:
[0m01:52:55.925865 [info ] [MainThread]:   profiles.yml file [[32mOK found and valid[0m]
[0m01:52:55.926040 [info ] [MainThread]:   dbt_project.yml file [[32mOK found and valid[0m]
[0m01:52:55.926188 [info ] [MainThread]: Required dependencies:
[0m01:52:55.926386 [debug] [MainThread]: Executing "git --help"
[0m01:52:55.942253 [debug] [MainThread]: STDOUT: "b"usage: git [-v | --version] [-h | --help] [-C <path>] [-c <name>=<value>]\n           [--exec-path[=<path>]] [--html-path] [--man-path] [--info-path]\n           [-p | --paginate | -P | --no-pager] [--no-replace-objects] [--bare]\n           [--git-dir=<path>] [--work-tree=<path>] [--namespace=<name>]\n           [--super-prefix=<path>] [--config-env=<name>=<envvar>]\n           <command> [<args>]\n\nThese are common Git commands used in various situations:\n\nstart a working area (see also: git help tutorial)\n   clone     Clone a repository into a new directory\n   init      Create an empty Git repository or reinitialize an existing one\n\nwork on the current change (see also: git help everyday)\n   add       Add file contents to the index\n   mv        Move or rename a file, a directory, or a symlink\n   restore   Restore working tree files\n   rm        Remove files from the working tree and from the index\n\nexamine the history and state (see also: git help revisions)\n   bisect    Use binary search to find the commit that introduced a bug\n   diff      Show changes between commits, commit and working tree, etc\n   grep      Print lines matching a pattern\n   log       Show commit logs\n   show      Show various types of objects\n   status    Show the working tree status\n\ngrow, mark and tweak your common history\n   branch    List, create, or delete branches\n   commit    Record changes to the repository\n   merge     Join two or more development histories together\n   rebase    Reapply commits on top of another base tip\n   reset     Reset current HEAD to the specified state\n   switch    Switch branches\n   tag       Create, list, delete or verify a tag object signed with GPG\n\ncollaborate (see also: git help workflows)\n   fetch     Download objects and refs from another repository\n   pull      Fetch from and integrate with another repository or a local branch\n   push      Update remote refs along with associated objects\n\n'git help -a' and 'git help -g' list available subcommands and some\nconcept guides. See 'git help <command>' or 'git help <concept>'\nto read about a specific subcommand or concept.\nSee 'git help git' for an overview of the system.\n""
[0m01:52:55.942811 [debug] [MainThread]: STDERR: "b''"
[0m01:52:55.943003 [info ] [MainThread]:  - git [[32mOK found[0m]

[0m01:52:55.943179 [info ] [MainThread]: Connection:
[0m01:52:55.943365 [info ] [MainThread]:   database: insurance
[0m01:52:55.943510 [info ] [MainThread]:   schema: main
[0m01:52:55.943642 [info ] [MainThread]:   path: ../data/insurance.duckdb
[0m01:52:55.943776 [info ] [MainThread]:   config_options: None
[0m01:52:55.943905 [info ] [MainThread]:   extensions: None
[0m01:52:55.944035 [info ] [MainThread]:   settings: {}
[0m01:52:55.944163 [info ] [MainThread]:   external_root: .
[0m01:52:55.944288 [info ] [MainThread]:   use_credential_provider: None
[0m01:52:55.944411 [info ] [MainThread]:   attach: None
[0m01:52:55.944535 [info ] [MainThread]:   filesystems: None
[0m01:52:55.944654 [info ] [MainThread]:   remote: None
[0m01:52:55.944778 [info ] [MainThread]:   plugins: None
[0m01:52:55.944907 [info ] [MainThread]:   disable_transactions: False
[0m01:52:55.945254 [info ] [MainThread]: Registered adapter: duckdb=1.10.1
[0m01:52:56.004891 [debug] [MainThread]: Acquiring new duckdb connection 'debug'
[0m01:52:56.035019 [debug] [MainThread]: Using duckdb connection "debug"
[0m01:52:56.035278 [debug] [MainThread]: On debug: select 1 as id
[0m01:52:56.035436 [debug] [MainThread]: Opening a new connection, currently in state init
[0m01:52:56.054451 [debug] [MainThread]: SQL status: OK in 0.019 seconds
[0m01:52:56.055115 [debug] [MainThread]: On debug: Close
[0m01:52:56.055529 [info ] [MainThread]:   Connection test: [[32mOK connection ok[0m]

[0m01:52:56.055751 [info ] [MainThread]: [32mAll checks passed![0m
[0m01:52:56.058012 [debug] [MainThread]: Resource report: {"command_name": "debug", "command_success": true, "command_wall_clock_time": 0.38540578, "process_in_blocks": "0", "process_kernel_time": 0.225669, "process_mem_max_rss": "142983168", "process_out_blocks": "0", "process_user_time": 0.921657}
[0m01:52:56.058296 [debug] [MainThread]: Command `dbt debug` succeeded at 01:52:56.058242 after 0.39 seconds
[0m01:52:56.058478 [debug] [MainThread]: Connection 'debug' was properly closed.
[0m01:52:56.058677 [debug] [MainThread]: Sending event: {'category': 'dbt', 'action': 'invocation', 'label': 'end', 'context': [<snowplow_tracker.self_describing_json.SelfDescribingJson object at 0x100c9ecf0>, <snowplow_tracker.self_describing_json.SelfDescribingJson object at 0x105e0c680>, <snowplow_tracker.self_describing_json.SelfDescribingJson object at 0x1057714c0>]}
[0m01:52:56.058902 [debug] [MainThread]: Flushing usage events
[0m01:52:57.077086 [debug] [MainThread]: An error was encountered while trying to flush usage events
[0m02:03:35.049129 [debug] [MainThread]: Sending event: {'category': 'dbt', 'action': 'invocation', 'label': 'start', 'context': [<snowplow_tracker.self_describing_json.SelfDescribingJson object at 0x104ef7920>, <snowplow_tracker.self_describing_json.SelfDescribingJson object at 0x1053c3140>, <snowplow_tracker.self_describing_json.SelfDescribingJson object at 0x1076f6390>]}


============================== 02:03:35.052547 | 5a20be2d-5607-47e2-8631-76237b07d1cd ==============================
[0m02:03:35.052547 [info ] [MainThread]: Running with dbt=1.11.11
[0m02:03:35.052921 [debug] [MainThread]: running dbt with arguments {'log_format': 'default', 'fail_fast': 'False', 'printer_width': '80', 'use_experimental_parser': 'False', 'introspect': 'True', 'warn_error': 'None', 'static_parser': 'True', 'warn_error_options': 'WarnErrorOptionsV2(error=[], warn=[], silence=[])', 'send_anonymous_usage_stats': 'True', 'debug': 'False', 'use_colors': 'True', 'target_path': 'None', 'indirect_selection': 'eager', 'partial_parse': 'True', 'write_json': 'True', 'quiet': 'False', 'invocation_command': 'dbt run --select stg_claims --profiles-dir .', 'log_path': '/Users/ankita/insurance-platform/transform/logs', 'profiles_dir': '.', 'cache_selected_only': 'False', 'log_cache_events': 'False', 'version_check': 'True', 'no_print': 'None', 'empty': 'False'}
[0m02:03:35.255194 [debug] [MainThread]: Sending event: {'category': 'dbt', 'action': 'project_id', 'label': '5a20be2d-5607-47e2-8631-76237b07d1cd', 'context': [<snowplow_tracker.self_describing_json.SelfDescribingJson object at 0x1077a4620>]}
[0m02:03:35.287002 [debug] [MainThread]: Sending event: {'category': 'dbt', 'action': 'adapter_info', 'label': '5a20be2d-5607-47e2-8631-76237b07d1cd', 'context': [<snowplow_tracker.self_describing_json.SelfDescribingJson object at 0x1055dd4c0>]}
[0m02:03:35.288551 [info ] [MainThread]: Registered adapter: duckdb=1.10.1
[0m02:03:35.355124 [debug] [MainThread]: checksum: 30a8cc8fdcbf66701b0944d4ccce3fa46dd04b61e5df68b9f16d57b2e0e3f0be, vars: {}, profile: , target: , version: 1.11.11
[0m02:03:35.355671 [info ] [MainThread]: Unable to do partial parsing because saved manifest not found. Starting full parse.
[0m02:03:35.355898 [debug] [MainThread]: Sending event: {'category': 'dbt', 'action': 'partial_parser', 'label': '5a20be2d-5607-47e2-8631-76237b07d1cd', 'context': [<snowplow_tracker.self_describing_json.SelfDescribingJson object at 0x107a90200>]}
[0m02:03:35.888419 [debug] [MainThread]: Sending event: {'category': 'dbt', 'action': 'load_project', 'label': '5a20be2d-5607-47e2-8631-76237b07d1cd', 'context': [<snowplow_tracker.self_describing_json.SelfDescribingJson object at 0x110a1d460>]}
[0m02:03:35.919575 [debug] [MainThread]: Wrote artifact WritableManifest to /Users/ankita/insurance-platform/transform/target/manifest.json
[0m02:03:35.921345 [debug] [MainThread]: Wrote artifact SemanticManifest to /Users/ankita/insurance-platform/transform/target/semantic_manifest.json
[0m02:03:35.929226 [debug] [MainThread]: Sending event: {'category': 'dbt', 'action': 'resource_counts', 'label': '5a20be2d-5607-47e2-8631-76237b07d1cd', 'context': [<snowplow_tracker.self_describing_json.SelfDescribingJson object at 0x110af9880>]}
[0m02:03:35.929502 [info ] [MainThread]: Found 1 model, 485 macros
[0m02:03:35.929699 [debug] [MainThread]: Sending event: {'category': 'dbt', 'action': 'runnable_timing', 'label': '5a20be2d-5607-47e2-8631-76237b07d1cd', 'context': [<snowplow_tracker.self_describing_json.SelfDescribingJson object at 0x107ddeff0>]}
[0m02:03:35.930502 [info ] [MainThread]: 
[0m02:03:35.930711 [info ] [MainThread]: Concurrency: 1 threads (target='dev')
[0m02:03:35.930872 [info ] [MainThread]: 
[0m02:03:35.931130 [debug] [MainThread]: Acquiring new duckdb connection 'master'
[0m02:03:35.931551 [debug] [ThreadPool]: Acquiring new duckdb connection 'list_insurance'
[0m02:03:35.966193 [debug] [ThreadPool]: Using duckdb connection "list_insurance"
[0m02:03:35.966473 [debug] [ThreadPool]: On list_insurance: /* {"app": "dbt", "dbt_version": "1.11.11", "profile_name": "insurance", "target_name": "dev", "connection_name": "list_insurance"} */

    
    select schema_name
    from system.information_schema.schemata
    
    where lower(catalog_name) = '"insurance"'
    
  
  
[0m02:03:35.966667 [debug] [ThreadPool]: Opening a new connection, currently in state init
[0m02:03:35.986719 [debug] [ThreadPool]: SQL status: OK in 0.020 seconds
[0m02:03:35.987578 [debug] [ThreadPool]: On list_insurance: Close
[0m02:03:35.987986 [debug] [ThreadPool]: Re-using an available connection from the pool (formerly list_insurance, now create_insurance_main)
[0m02:03:35.988289 [debug] [ThreadPool]: Creating schema "database: "insurance"
schema: "main"
"
[0m02:03:35.991740 [debug] [ThreadPool]: Using duckdb connection "create_insurance_main"
[0m02:03:35.991944 [debug] [ThreadPool]: On create_insurance_main: /* {"app": "dbt", "dbt_version": "1.11.11", "profile_name": "insurance", "target_name": "dev", "connection_name": "create_insurance_main"} */

    
        select type from duckdb_databases()
        where lower(database_name)='insurance'
        and type='sqlite'
    
  
[0m02:03:35.992106 [debug] [ThreadPool]: Opening a new connection, currently in state closed
[0m02:03:35.993009 [debug] [ThreadPool]: SQL status: OK in 0.001 seconds
[0m02:03:35.993659 [debug] [ThreadPool]: Using duckdb connection "create_insurance_main"
[0m02:03:35.993822 [debug] [ThreadPool]: On create_insurance_main: BEGIN
[0m02:03:35.994061 [debug] [ThreadPool]: SQL status: OK in 0.000 seconds
[0m02:03:35.994207 [debug] [ThreadPool]: Using duckdb connection "create_insurance_main"
[0m02:03:35.994354 [debug] [ThreadPool]: On create_insurance_main: /* {"app": "dbt", "dbt_version": "1.11.11", "profile_name": "insurance", "target_name": "dev", "connection_name": "create_insurance_main"} */

    
    
        create schema if not exists "insurance"."main"
    
[0m02:03:35.994654 [debug] [ThreadPool]: SQL status: OK in 0.000 seconds
[0m02:03:35.995152 [debug] [ThreadPool]: On create_insurance_main: COMMIT
[0m02:03:35.995332 [debug] [ThreadPool]: Using duckdb connection "create_insurance_main"
[0m02:03:35.995488 [debug] [ThreadPool]: On create_insurance_main: COMMIT
[0m02:03:35.995726 [debug] [ThreadPool]: SQL status: OK in 0.000 seconds
[0m02:03:35.995885 [debug] [ThreadPool]: On create_insurance_main: Close
[0m02:03:35.996373 [debug] [ThreadPool]: Re-using an available connection from the pool (formerly create_insurance_main, now list_insurance_main)
[0m02:03:35.999126 [debug] [ThreadPool]: Using duckdb connection "list_insurance_main"
[0m02:03:35.999315 [debug] [ThreadPool]: On list_insurance_main: BEGIN
[0m02:03:35.999471 [debug] [ThreadPool]: Opening a new connection, currently in state closed
[0m02:03:36.000763 [debug] [ThreadPool]: SQL status: OK in 0.001 seconds
[0m02:03:36.000941 [debug] [ThreadPool]: Using duckdb connection "list_insurance_main"
[0m02:03:36.001112 [debug] [ThreadPool]: On list_insurance_main: /* {"app": "dbt", "dbt_version": "1.11.11", "profile_name": "insurance", "target_name": "dev", "connection_name": "list_insurance_main"} */
select
      'insurance' as database,
      table_name as name,
      table_schema as schema,
      CASE table_type
        WHEN 'BASE TABLE' THEN 'table'
        WHEN 'VIEW' THEN 'view'
        WHEN 'LOCAL TEMPORARY' THEN 'table'
        END as type
    from system.information_schema.tables
    where lower(table_schema) = 'main'
    and lower(table_catalog) = 'insurance'
  
[0m02:03:36.003742 [debug] [ThreadPool]: SQL status: OK in 0.002 seconds
[0m02:03:36.004519 [debug] [ThreadPool]: On list_insurance_main: ROLLBACK
[0m02:03:36.005455 [debug] [ThreadPool]: Failed to rollback 'list_insurance_main'
[0m02:03:36.005622 [debug] [ThreadPool]: On list_insurance_main: Close
[0m02:03:36.006290 [debug] [MainThread]: Sending event: {'category': 'dbt', 'action': 'runnable_timing', 'label': '5a20be2d-5607-47e2-8631-76237b07d1cd', 'context': [<snowplow_tracker.self_describing_json.SelfDescribingJson object at 0x110f21a90>]}
[0m02:03:36.006611 [debug] [MainThread]: Using duckdb connection "master"
[0m02:03:36.006787 [debug] [MainThread]: On master: BEGIN
[0m02:03:36.006947 [debug] [MainThread]: Opening a new connection, currently in state init
[0m02:03:36.007222 [debug] [MainThread]: SQL status: OK in 0.000 seconds
[0m02:03:36.007385 [debug] [MainThread]: On master: COMMIT
[0m02:03:36.007538 [debug] [MainThread]: Using duckdb connection "master"
[0m02:03:36.007677 [debug] [MainThread]: On master: COMMIT
[0m02:03:36.007899 [debug] [MainThread]: SQL status: OK in 0.000 seconds
[0m02:03:36.008075 [debug] [MainThread]: On master: Close
[0m02:03:36.009505 [debug] [Thread-1 (]: Began running node model.insurance.stg_claims
[0m02:03:36.009785 [info ] [Thread-1 (]: 1 of 1 START sql table model main.stg_claims ................................... [RUN]
[0m02:03:36.010016 [debug] [Thread-1 (]: Re-using an available connection from the pool (formerly list_insurance_main, now model.insurance.stg_claims)
[0m02:03:36.010202 [debug] [Thread-1 (]: Began compiling node model.insurance.stg_claims
[0m02:03:36.013424 [debug] [Thread-1 (]: Writing injected SQL for node "model.insurance.stg_claims"
[0m02:03:36.013950 [debug] [Thread-1 (]: Began executing node model.insurance.stg_claims
[0m02:03:36.032636 [debug] [Thread-1 (]: Writing runtime sql for node "model.insurance.stg_claims"
[0m02:03:36.033340 [debug] [Thread-1 (]: Using duckdb connection "model.insurance.stg_claims"
[0m02:03:36.033540 [debug] [Thread-1 (]: On model.insurance.stg_claims: BEGIN
[0m02:03:36.033718 [debug] [Thread-1 (]: Opening a new connection, currently in state closed
[0m02:03:36.034111 [debug] [Thread-1 (]: SQL status: OK in 0.000 seconds
[0m02:03:36.034290 [debug] [Thread-1 (]: Using duckdb connection "model.insurance.stg_claims"
[0m02:03:36.034473 [debug] [Thread-1 (]: On model.insurance.stg_claims: /* {"app": "dbt", "dbt_version": "1.11.11", "profile_name": "insurance", "target_name": "dev", "node_id": "model.insurance.stg_claims"} */

  
    
    

    create  table
      "insurance"."main"."stg_claims__dbt_tmp"
  
    as (
      select
      claim_id,
      policy_id,
      claim_date,
      claim_type,
      claim_amount,
      status, 
      state,

      case
          when claim_amount < 1000  then 'small'
          when claim_amount < 10000 then 'medium'
          when claim_amount < 30000 then 'large'
          else 'catastrophic'
      end as severity_band,
  
      loaded_at

  from raw_claims
    );
  
  
[0m02:03:36.039436 [debug] [Thread-1 (]: SQL status: OK in 0.005 seconds
[0m02:03:36.042729 [debug] [Thread-1 (]: Using duckdb connection "model.insurance.stg_claims"
[0m02:03:36.042956 [debug] [Thread-1 (]: On model.insurance.stg_claims: /* {"app": "dbt", "dbt_version": "1.11.11", "profile_name": "insurance", "target_name": "dev", "node_id": "model.insurance.stg_claims"} */
alter table "insurance"."main"."stg_claims__dbt_tmp" rename to "stg_claims"
[0m02:03:36.043467 [debug] [Thread-1 (]: SQL status: OK in 0.000 seconds
[0m02:03:36.051046 [debug] [Thread-1 (]: On model.insurance.stg_claims: COMMIT
[0m02:03:36.051272 [debug] [Thread-1 (]: Using duckdb connection "model.insurance.stg_claims"
[0m02:03:36.051455 [debug] [Thread-1 (]: On model.insurance.stg_claims: COMMIT
[0m02:03:36.052432 [debug] [Thread-1 (]: SQL status: OK in 0.001 seconds
[0m02:03:36.055075 [debug] [Thread-1 (]: Using duckdb connection "model.insurance.stg_claims"
[0m02:03:36.055283 [debug] [Thread-1 (]: On model.insurance.stg_claims: /* {"app": "dbt", "dbt_version": "1.11.11", "profile_name": "insurance", "target_name": "dev", "node_id": "model.insurance.stg_claims"} */

      drop table if exists "insurance"."main"."stg_claims__dbt_backup" cascade
    
[0m02:03:36.055613 [debug] [Thread-1 (]: SQL status: OK in 0.000 seconds
[0m02:03:36.056783 [debug] [Thread-1 (]: On model.insurance.stg_claims: Close
[0m02:03:36.057780 [debug] [Thread-1 (]: Sending event: {'category': 'dbt', 'action': 'run_model', 'label': '5a20be2d-5607-47e2-8631-76237b07d1cd', 'context': [<snowplow_tracker.self_describing_json.SelfDescribingJson object at 0x107ceccb0>]}
[0m02:03:36.058121 [info ] [Thread-1 (]: 1 of 1 OK created sql table model main.stg_claims .............................. [[32mOK[0m in 0.05s]
[0m02:03:36.058416 [debug] [Thread-1 (]: Finished running node model.insurance.stg_claims
[0m02:03:36.058980 [debug] [MainThread]: Using duckdb connection "master"
[0m02:03:36.059150 [debug] [MainThread]: On master: BEGIN
[0m02:03:36.059294 [debug] [MainThread]: Opening a new connection, currently in state closed
[0m02:03:36.059566 [debug] [MainThread]: SQL status: OK in 0.000 seconds
[0m02:03:36.059720 [debug] [MainThread]: On master: COMMIT
[0m02:03:36.059863 [debug] [MainThread]: Using duckdb connection "master"
[0m02:03:36.059997 [debug] [MainThread]: On master: COMMIT
[0m02:03:36.060206 [debug] [MainThread]: SQL status: OK in 0.000 seconds
[0m02:03:36.060351 [debug] [MainThread]: On master: Close
[0m02:03:36.060531 [debug] [MainThread]: Connection 'master' was properly closed.
[0m02:03:36.060670 [debug] [MainThread]: Connection 'model.insurance.stg_claims' was properly closed.
[0m02:03:36.060817 [info ] [MainThread]: 
[0m02:03:36.060974 [info ] [MainThread]: Finished running 1 table model in 0 hours 0 minutes and 0.13 seconds (0.13s).
[0m02:03:36.061290 [debug] [MainThread]: Command end result
[0m02:03:36.076144 [debug] [MainThread]: Wrote artifact WritableManifest to /Users/ankita/insurance-platform/transform/target/manifest.json
[0m02:03:36.077225 [debug] [MainThread]: Wrote artifact SemanticManifest to /Users/ankita/insurance-platform/transform/target/semantic_manifest.json
[0m02:03:36.080142 [debug] [MainThread]: Wrote artifact RunExecutionResult to /Users/ankita/insurance-platform/transform/target/run_results.json
[0m02:03:36.080333 [info ] [MainThread]: 
[0m02:03:36.080556 [info ] [MainThread]: [32mCompleted successfully[0m
[0m02:03:36.080721 [info ] [MainThread]: 
[0m02:03:36.080894 [info ] [MainThread]: Done. PASS=1 WARN=0 ERROR=0 SKIP=0 NO-OP=0 TOTAL=1
[0m02:03:36.083267 [debug] [MainThread]: Resource report: {"command_name": "run", "command_success": true, "command_wall_clock_time": 1.0804268, "process_in_blocks": "0", "process_kernel_time": 0.24962, "process_mem_max_rss": "155860992", "process_out_blocks": "0", "process_user_time": 1.584327}
[0m02:03:36.083547 [debug] [MainThread]: Command `dbt run` succeeded at 02:03:36.083502 after 1.08 seconds
[0m02:03:36.083761 [debug] [MainThread]: Sending event: {'category': 'dbt', 'action': 'invocation', 'label': 'end', 'context': [<snowplow_tracker.self_describing_json.SelfDescribingJson object at 0x100ed2de0>, <snowplow_tracker.self_describing_json.SelfDescribingJson object at 0x107d5c5f0>, <snowplow_tracker.self_describing_json.SelfDescribingJson object at 0x107637380>]}
[0m02:03:36.083968 [debug] [MainThread]: Flushing usage events
[0m02:03:37.184370 [debug] [MainThread]: An error was encountered while trying to flush usage events
[0m15:34:33.962801 [debug] [MainThread]: Sending event: {'category': 'dbt', 'action': 'invocation', 'label': 'start', 'context': [<snowplow_tracker.self_describing_json.SelfDescribingJson object at 0x1081476b0>, <snowplow_tracker.self_describing_json.SelfDescribingJson object at 0x1098f6420>, <snowplow_tracker.self_describing_json.SelfDescribingJson object at 0x1098f6150>]}


============================== 15:34:33.966329 | 4cf70600-404e-4413-85b4-6f53ac3ba622 ==============================
[0m15:34:33.966329 [info ] [MainThread]: Running with dbt=1.11.11
[0m15:34:33.966727 [debug] [MainThread]: running dbt with arguments {'warn_error_options': 'WarnErrorOptionsV2(error=[], warn=[], silence=[])', 'target_path': 'None', 'empty': 'False', 'static_parser': 'True', 'quiet': 'False', 'use_experimental_parser': 'False', 'warn_error': 'None', 'fail_fast': 'False', 'debug': 'False', 'cache_selected_only': 'False', 'version_check': 'True', 'partial_parse': 'True', 'no_print': 'None', 'log_cache_events': 'False', 'invocation_command': 'dbt run --profiles-dir .', 'write_json': 'True', 'log_path': '/Users/ankita/insurance-platform/transform/logs', 'log_format': 'default', 'introspect': 'True', 'indirect_selection': 'eager', 'printer_width': '80', 'profiles_dir': '.', 'use_colors': 'True', 'send_anonymous_usage_stats': 'True'}
[0m15:34:34.250998 [debug] [MainThread]: Sending event: {'category': 'dbt', 'action': 'project_id', 'label': '4cf70600-404e-4413-85b4-6f53ac3ba622', 'context': [<snowplow_tracker.self_describing_json.SelfDescribingJson object at 0x109848b90>]}
[0m15:34:34.288250 [debug] [MainThread]: Sending event: {'category': 'dbt', 'action': 'adapter_info', 'label': '4cf70600-404e-4413-85b4-6f53ac3ba622', 'context': [<snowplow_tracker.self_describing_json.SelfDescribingJson object at 0x109d00d10>]}
[0m15:34:34.289917 [info ] [MainThread]: Registered adapter: duckdb=1.10.1
[0m15:34:34.362328 [debug] [MainThread]: checksum: 30a8cc8fdcbf66701b0944d4ccce3fa46dd04b61e5df68b9f16d57b2e0e3f0be, vars: {}, profile: , target: , version: 1.11.11
[0m15:34:34.425157 [debug] [MainThread]: Partial parsing enabled: 0 files deleted, 1 files added, 0 files changed.
[0m15:34:34.425553 [debug] [MainThread]: Partial parsing: added file: insurance://models/stg_policies.sql
[0m15:34:34.557824 [debug] [MainThread]: Sending event: {'category': 'dbt', 'action': 'load_project', 'label': '4cf70600-404e-4413-85b4-6f53ac3ba622', 'context': [<snowplow_tracker.self_describing_json.SelfDescribingJson object at 0x10ab745f0>]}
[0m15:34:34.590673 [debug] [MainThread]: Wrote artifact WritableManifest to /Users/ankita/insurance-platform/transform/target/manifest.json
[0m15:34:34.592400 [debug] [MainThread]: Wrote artifact SemanticManifest to /Users/ankita/insurance-platform/transform/target/semantic_manifest.json
[0m15:34:34.601868 [debug] [MainThread]: Sending event: {'category': 'dbt', 'action': 'resource_counts', 'label': '4cf70600-404e-4413-85b4-6f53ac3ba622', 'context': [<snowplow_tracker.self_describing_json.SelfDescribingJson object at 0x10aca9760>]}
[0m15:34:34.602240 [info ] [MainThread]: Found 2 models, 485 macros
[0m15:34:34.602444 [debug] [MainThread]: Sending event: {'category': 'dbt', 'action': 'runnable_timing', 'label': '4cf70600-404e-4413-85b4-6f53ac3ba622', 'context': [<snowplow_tracker.self_describing_json.SelfDescribingJson object at 0x10ac768a0>]}
[0m15:34:34.603651 [info ] [MainThread]: 
[0m15:34:34.603925 [info ] [MainThread]: Concurrency: 1 threads (target='dev')
[0m15:34:34.604103 [info ] [MainThread]: 
[0m15:34:34.604525 [debug] [MainThread]: Acquiring new duckdb connection 'master'
[0m15:34:34.607253 [debug] [ThreadPool]: Acquiring new duckdb connection 'list_insurance'
[0m15:34:34.709294 [debug] [ThreadPool]: Using duckdb connection "list_insurance"
[0m15:34:34.709622 [debug] [ThreadPool]: On list_insurance: /* {"app": "dbt", "dbt_version": "1.11.11", "profile_name": "insurance", "target_name": "dev", "connection_name": "list_insurance"} */

    
    select schema_name
    from system.information_schema.schemata
    
    where lower(catalog_name) = '"insurance"'
    
  
  
[0m15:34:34.709810 [debug] [ThreadPool]: Opening a new connection, currently in state init
[0m15:34:34.735963 [debug] [ThreadPool]: SQL status: OK in 0.026 seconds
[0m15:34:34.737018 [debug] [ThreadPool]: On list_insurance: Close
[0m15:34:34.737443 [debug] [ThreadPool]: Re-using an available connection from the pool (formerly list_insurance, now create_insurance_main)
[0m15:34:34.737919 [debug] [ThreadPool]: Creating schema "database: "insurance"
schema: "main"
"
[0m15:34:34.741554 [debug] [ThreadPool]: Using duckdb connection "create_insurance_main"
[0m15:34:34.741771 [debug] [ThreadPool]: On create_insurance_main: /* {"app": "dbt", "dbt_version": "1.11.11", "profile_name": "insurance", "target_name": "dev", "connection_name": "create_insurance_main"} */

    
        select type from duckdb_databases()
        where lower(database_name)='insurance'
        and type='sqlite'
    
  
[0m15:34:34.741937 [debug] [ThreadPool]: Opening a new connection, currently in state closed
[0m15:34:34.742989 [debug] [ThreadPool]: SQL status: OK in 0.001 seconds
[0m15:34:34.743769 [debug] [ThreadPool]: Using duckdb connection "create_insurance_main"
[0m15:34:34.743954 [debug] [ThreadPool]: On create_insurance_main: BEGIN
[0m15:34:34.744208 [debug] [ThreadPool]: SQL status: OK in 0.000 seconds
[0m15:34:34.744360 [debug] [ThreadPool]: Using duckdb connection "create_insurance_main"
[0m15:34:34.744514 [debug] [ThreadPool]: On create_insurance_main: /* {"app": "dbt", "dbt_version": "1.11.11", "profile_name": "insurance", "target_name": "dev", "connection_name": "create_insurance_main"} */

    
    
        create schema if not exists "insurance"."main"
    
[0m15:34:34.744828 [debug] [ThreadPool]: SQL status: OK in 0.000 seconds
[0m15:34:34.745399 [debug] [ThreadPool]: On create_insurance_main: COMMIT
[0m15:34:34.745579 [debug] [ThreadPool]: Using duckdb connection "create_insurance_main"
[0m15:34:34.745740 [debug] [ThreadPool]: On create_insurance_main: COMMIT
[0m15:34:34.745983 [debug] [ThreadPool]: SQL status: OK in 0.000 seconds
[0m15:34:34.746151 [debug] [ThreadPool]: On create_insurance_main: Close
[0m15:34:34.746765 [debug] [ThreadPool]: Re-using an available connection from the pool (formerly create_insurance_main, now list_insurance_main)
[0m15:34:34.749875 [debug] [ThreadPool]: Using duckdb connection "list_insurance_main"
[0m15:34:34.750110 [debug] [ThreadPool]: On list_insurance_main: BEGIN
[0m15:34:34.750266 [debug] [ThreadPool]: Opening a new connection, currently in state closed
[0m15:34:34.750607 [debug] [ThreadPool]: SQL status: OK in 0.000 seconds
[0m15:34:34.750763 [debug] [ThreadPool]: Using duckdb connection "list_insurance_main"
[0m15:34:34.750919 [debug] [ThreadPool]: On list_insurance_main: /* {"app": "dbt", "dbt_version": "1.11.11", "profile_name": "insurance", "target_name": "dev", "connection_name": "list_insurance_main"} */
select
      'insurance' as database,
      table_name as name,
      table_schema as schema,
      CASE table_type
        WHEN 'BASE TABLE' THEN 'table'
        WHEN 'VIEW' THEN 'view'
        WHEN 'LOCAL TEMPORARY' THEN 'table'
        END as type
    from system.information_schema.tables
    where lower(table_schema) = 'main'
    and lower(table_catalog) = 'insurance'
  
[0m15:34:34.754134 [debug] [ThreadPool]: SQL status: OK in 0.003 seconds
[0m15:34:34.755050 [debug] [ThreadPool]: On list_insurance_main: ROLLBACK
[0m15:34:34.756130 [debug] [ThreadPool]: Failed to rollback 'list_insurance_main'
[0m15:34:34.756304 [debug] [ThreadPool]: On list_insurance_main: Close
[0m15:34:34.756987 [debug] [MainThread]: Sending event: {'category': 'dbt', 'action': 'runnable_timing', 'label': '4cf70600-404e-4413-85b4-6f53ac3ba622', 'context': [<snowplow_tracker.self_describing_json.SelfDescribingJson object at 0x1064d74a0>]}
[0m15:34:34.757283 [debug] [MainThread]: Using duckdb connection "master"
[0m15:34:34.757457 [debug] [MainThread]: On master: BEGIN
[0m15:34:34.757615 [debug] [MainThread]: Opening a new connection, currently in state init
[0m15:34:34.757929 [debug] [MainThread]: SQL status: OK in 0.000 seconds
[0m15:34:34.758088 [debug] [MainThread]: On master: COMMIT
[0m15:34:34.758241 [debug] [MainThread]: Using duckdb connection "master"
[0m15:34:34.758384 [debug] [MainThread]: On master: COMMIT
[0m15:34:34.758635 [debug] [MainThread]: SQL status: OK in 0.000 seconds
[0m15:34:34.758857 [debug] [MainThread]: On master: Close
[0m15:34:34.760377 [debug] [Thread-1 (]: Began running node model.insurance.stg_claims
[0m15:34:34.760686 [info ] [Thread-1 (]: 1 of 2 START sql table model main.stg_claims ................................... [RUN]
[0m15:34:34.760946 [debug] [Thread-1 (]: Re-using an available connection from the pool (formerly list_insurance_main, now model.insurance.stg_claims)
[0m15:34:34.761138 [debug] [Thread-1 (]: Began compiling node model.insurance.stg_claims
[0m15:34:34.764572 [debug] [Thread-1 (]: Writing injected SQL for node "model.insurance.stg_claims"
[0m15:34:34.765046 [debug] [Thread-1 (]: Began executing node model.insurance.stg_claims
[0m15:34:34.784006 [debug] [Thread-1 (]: Writing runtime sql for node "model.insurance.stg_claims"
[0m15:34:34.784738 [debug] [Thread-1 (]: Using duckdb connection "model.insurance.stg_claims"
[0m15:34:34.785060 [debug] [Thread-1 (]: On model.insurance.stg_claims: BEGIN
[0m15:34:34.785497 [debug] [Thread-1 (]: Opening a new connection, currently in state closed
[0m15:34:34.786247 [debug] [Thread-1 (]: SQL status: OK in 0.001 seconds
[0m15:34:34.786496 [debug] [Thread-1 (]: Using duckdb connection "model.insurance.stg_claims"
[0m15:34:34.786712 [debug] [Thread-1 (]: On model.insurance.stg_claims: /* {"app": "dbt", "dbt_version": "1.11.11", "profile_name": "insurance", "target_name": "dev", "node_id": "model.insurance.stg_claims"} */

  
    
    

    create  table
      "insurance"."main"."stg_claims__dbt_tmp"
  
    as (
      select
      claim_id,
      policy_id,
      claim_date,
      claim_type,
      claim_amount,
      status, 
      state,

      case
          when claim_amount < 1000  then 'small'
          when claim_amount < 10000 then 'medium'
          when claim_amount < 30000 then 'large'
          else 'catastrophic'
      end as severity_band,
  
      loaded_at

  from raw_claims
    );
  
  
[0m15:34:34.793004 [debug] [Thread-1 (]: SQL status: OK in 0.006 seconds
[0m15:34:34.796300 [debug] [Thread-1 (]: Using duckdb connection "model.insurance.stg_claims"
[0m15:34:34.796554 [debug] [Thread-1 (]: On model.insurance.stg_claims: /* {"app": "dbt", "dbt_version": "1.11.11", "profile_name": "insurance", "target_name": "dev", "node_id": "model.insurance.stg_claims"} */

    SELECT index_name
    FROM duckdb_indexes()
    WHERE schema_name = 'main'
      AND table_name = 'stg_claims'
  
[0m15:34:34.797140 [debug] [Thread-1 (]: SQL status: OK in 0.000 seconds
[0m15:34:34.797874 [debug] [Thread-1 (]: Using duckdb connection "model.insurance.stg_claims"
[0m15:34:34.798078 [debug] [Thread-1 (]: On model.insurance.stg_claims: /* {"app": "dbt", "dbt_version": "1.11.11", "profile_name": "insurance", "target_name": "dev", "node_id": "model.insurance.stg_claims"} */

    SELECT COUNT(*) as remaining_indexes
    FROM duckdb_indexes()
    WHERE schema_name = 'main'
      AND table_name = 'stg_claims'
  
[0m15:34:34.799199 [debug] [Thread-1 (]: SQL status: OK in 0.001 seconds
[0m15:34:34.803088 [debug] [Thread-1 (]: Using duckdb connection "model.insurance.stg_claims"
[0m15:34:34.832588 [debug] [Thread-1 (]: On model.insurance.stg_claims: /* {"app": "dbt", "dbt_version": "1.11.11", "profile_name": "insurance", "target_name": "dev", "node_id": "model.insurance.stg_claims"} */
alter table "insurance"."main"."stg_claims" rename to "stg_claims__dbt_backup"
[0m15:34:34.841534 [debug] [Thread-1 (]: SQL status: OK in 0.008 seconds
[0m15:34:34.857418 [debug] [Thread-1 (]: Using duckdb connection "model.insurance.stg_claims"
[0m15:34:34.857725 [debug] [Thread-1 (]: On model.insurance.stg_claims: /* {"app": "dbt", "dbt_version": "1.11.11", "profile_name": "insurance", "target_name": "dev", "node_id": "model.insurance.stg_claims"} */
alter table "insurance"."main"."stg_claims__dbt_tmp" rename to "stg_claims"
[0m15:34:34.858214 [debug] [Thread-1 (]: SQL status: OK in 0.000 seconds
[0m15:34:34.873259 [debug] [Thread-1 (]: On model.insurance.stg_claims: COMMIT
[0m15:34:34.873598 [debug] [Thread-1 (]: Using duckdb connection "model.insurance.stg_claims"
[0m15:34:34.873800 [debug] [Thread-1 (]: On model.insurance.stg_claims: COMMIT
[0m15:34:34.874963 [debug] [Thread-1 (]: SQL status: OK in 0.001 seconds
[0m15:34:34.878660 [debug] [Thread-1 (]: Using duckdb connection "model.insurance.stg_claims"
[0m15:34:34.878974 [debug] [Thread-1 (]: On model.insurance.stg_claims: /* {"app": "dbt", "dbt_version": "1.11.11", "profile_name": "insurance", "target_name": "dev", "node_id": "model.insurance.stg_claims"} */

      drop table if exists "insurance"."main"."stg_claims__dbt_backup" cascade
    
[0m15:34:34.880097 [debug] [Thread-1 (]: SQL status: OK in 0.001 seconds
[0m15:34:34.881796 [debug] [Thread-1 (]: On model.insurance.stg_claims: Close
[0m15:34:34.883046 [debug] [Thread-1 (]: Sending event: {'category': 'dbt', 'action': 'run_model', 'label': '4cf70600-404e-4413-85b4-6f53ac3ba622', 'context': [<snowplow_tracker.self_describing_json.SelfDescribingJson object at 0x10af7bf80>]}
[0m15:34:34.883482 [info ] [Thread-1 (]: 1 of 2 OK created sql table model main.stg_claims .............................. [[32mOK[0m in 0.12s]
[0m15:34:34.883817 [debug] [Thread-1 (]: Finished running node model.insurance.stg_claims
[0m15:34:34.884049 [debug] [Thread-1 (]: Began running node model.insurance.stg_policies
[0m15:34:34.884331 [info ] [Thread-1 (]: 2 of 2 START sql table model main.stg_policies ................................. [RUN]
[0m15:34:34.884584 [debug] [Thread-1 (]: Re-using an available connection from the pool (formerly model.insurance.stg_claims, now model.insurance.stg_policies)
[0m15:34:34.884775 [debug] [Thread-1 (]: Began compiling node model.insurance.stg_policies
[0m15:34:34.885925 [debug] [Thread-1 (]: Writing injected SQL for node "model.insurance.stg_policies"
[0m15:34:34.886332 [debug] [Thread-1 (]: Began executing node model.insurance.stg_policies
[0m15:34:34.888002 [debug] [Thread-1 (]: Writing runtime sql for node "model.insurance.stg_policies"
[0m15:34:34.888404 [debug] [Thread-1 (]: Using duckdb connection "model.insurance.stg_policies"
[0m15:34:34.888594 [debug] [Thread-1 (]: On model.insurance.stg_policies: BEGIN
[0m15:34:34.888764 [debug] [Thread-1 (]: Opening a new connection, currently in state closed
[0m15:34:34.889233 [debug] [Thread-1 (]: SQL status: OK in 0.000 seconds
[0m15:34:34.889472 [debug] [Thread-1 (]: Using duckdb connection "model.insurance.stg_policies"
[0m15:34:34.889685 [debug] [Thread-1 (]: On model.insurance.stg_policies: /* {"app": "dbt", "dbt_version": "1.11.11", "profile_name": "insurance", "target_name": "dev", "node_id": "model.insurance.stg_policies"} */

  
    
    

    create  table
      "insurance"."main"."stg_policies__dbt_tmp"
  
    as (
      select
    policy_id,
    policyholder,
    state,
    product_type,
    annual_premium,
    start_date,
    status,
    premium_tier,
    loaded_at
from raw_policies

    case
        when annual_premium < 1000 then 'budget'
        when annual_premium < 2500 then 'standard'
        else 'premium'
    end as premium_tier,
    );
  
  
[0m15:34:34.896566 [debug] [Thread-1 (]: DuckDB adapter: duckdb error: Parser Error: syntax error at or near "case"

LINE 23:     case
             ^
[0m15:34:34.896970 [debug] [Thread-1 (]: DuckDB adapter: Error running SQL: /* {"app": "dbt", "dbt_version": "1.11.11", "profile_name": "insurance", "target_name": "dev", "node_id": "model.insurance.stg_policies"} */

  
    
    

    create  table
      "insurance"."main"."stg_policies__dbt_tmp"
  
    as (
      select
    policy_id,
    policyholder,
    state,
    product_type,
    annual_premium,
    start_date,
    status,
    premium_tier,
    loaded_at
from raw_policies

    case
        when annual_premium < 1000 then 'budget'
        when annual_premium < 2500 then 'standard'
        else 'premium'
    end as premium_tier,
    );
  
  
[0m15:34:34.897870 [debug] [Thread-1 (]: DuckDB adapter: Rolling back transaction.
[0m15:34:34.898274 [debug] [Thread-1 (]: On model.insurance.stg_policies: ROLLBACK
[0m15:34:34.899899 [debug] [Thread-1 (]: Failed to rollback 'model.insurance.stg_policies'
[0m15:34:34.900248 [debug] [Thread-1 (]: On model.insurance.stg_policies: Close
[0m15:34:34.904864 [debug] [Thread-1 (]: Runtime Error in model stg_policies (models/stg_policies.sql)
  Parser Error: syntax error at or near "case"
  
  LINE 23:     case
               ^
[0m15:34:34.905214 [debug] [Thread-1 (]: Sending event: {'category': 'dbt', 'action': 'run_model', 'label': '4cf70600-404e-4413-85b4-6f53ac3ba622', 'context': [<snowplow_tracker.self_describing_json.SelfDescribingJson object at 0x10af1da60>]}
[0m15:34:34.905566 [error] [Thread-1 (]: 2 of 2 ERROR creating sql table model main.stg_policies ........................ [[31mERROR[0m in 0.02s]
[0m15:34:34.905879 [debug] [Thread-1 (]: Finished running node model.insurance.stg_policies
[0m15:34:34.906169 [debug] [Thread-4 (]: Marking all children of 'model.insurance.stg_policies' to be skipped because of status 'error'.  Reason: Runtime Error in model stg_policies (models/stg_policies.sql)
  Parser Error: syntax error at or near "case"
  
  LINE 23:     case
               ^.
[0m15:34:34.907099 [debug] [MainThread]: Using duckdb connection "master"
[0m15:34:34.907298 [debug] [MainThread]: On master: BEGIN
[0m15:34:34.907457 [debug] [MainThread]: Opening a new connection, currently in state closed
[0m15:34:34.907803 [debug] [MainThread]: SQL status: OK in 0.000 seconds
[0m15:34:34.907959 [debug] [MainThread]: On master: COMMIT
[0m15:34:34.908106 [debug] [MainThread]: Using duckdb connection "master"
[0m15:34:34.908249 [debug] [MainThread]: On master: COMMIT
[0m15:34:34.908460 [debug] [MainThread]: SQL status: OK in 0.000 seconds
[0m15:34:34.908610 [debug] [MainThread]: On master: Close
[0m15:34:34.908797 [debug] [MainThread]: Connection 'master' was properly closed.
[0m15:34:34.908942 [debug] [MainThread]: Connection 'model.insurance.stg_policies' was properly closed.
[0m15:34:34.909119 [info ] [MainThread]: 
[0m15:34:34.909291 [info ] [MainThread]: Finished running 2 table models in 0 hours 0 minutes and 0.30 seconds (0.30s).
[0m15:34:34.909680 [debug] [MainThread]: Command end result
[0m15:34:34.924347 [debug] [MainThread]: Wrote artifact WritableManifest to /Users/ankita/insurance-platform/transform/target/manifest.json
[0m15:34:34.925496 [debug] [MainThread]: Wrote artifact SemanticManifest to /Users/ankita/insurance-platform/transform/target/semantic_manifest.json
[0m15:34:34.928987 [debug] [MainThread]: Wrote artifact RunExecutionResult to /Users/ankita/insurance-platform/transform/target/run_results.json
[0m15:34:34.929196 [info ] [MainThread]: 
[0m15:34:34.929402 [info ] [MainThread]: [31mCompleted with 1 error, 0 partial successes, and 0 warnings:[0m
[0m15:34:34.929576 [info ] [MainThread]: 
[0m15:34:34.929774 [error] [MainThread]: [31mFailure in model stg_policies (models/stg_policies.sql)[0m
[0m15:34:34.929967 [error] [MainThread]:   Runtime Error in model stg_policies (models/stg_policies.sql)
  Parser Error: syntax error at or near "case"
  
  LINE 23:     case
               ^
[0m15:34:34.930114 [info ] [MainThread]: 
[0m15:34:34.930285 [info ] [MainThread]:   compiled code at target/compiled/insurance/models/stg_policies.sql
[0m15:34:34.930434 [info ] [MainThread]: 
[0m15:34:34.930610 [info ] [MainThread]: Done. PASS=1 WARN=0 ERROR=1 SKIP=0 NO-OP=0 TOTAL=2
[0m15:34:34.933019 [debug] [MainThread]: Resource report: {"command_name": "run", "command_success": false, "command_wall_clock_time": 1.029945, "process_in_blocks": "0", "process_kernel_time": 0.364588, "process_mem_max_rss": "142508032", "process_out_blocks": "0", "process_user_time": 1.450409}
[0m15:34:34.933366 [debug] [MainThread]: Command `dbt run` failed at 15:34:34.933299 after 1.03 seconds
[0m15:34:34.933627 [debug] [MainThread]: Sending event: {'category': 'dbt', 'action': 'invocation', 'label': 'end', 'context': [<snowplow_tracker.self_describing_json.SelfDescribingJson object at 0x100dd6d80>, <snowplow_tracker.self_describing_json.SelfDescribingJson object at 0x1096fa300>, <snowplow_tracker.self_describing_json.SelfDescribingJson object at 0x109182b40>]}
[0m15:34:34.933903 [debug] [MainThread]: Flushing usage events
[0m15:34:35.915702 [debug] [MainThread]: An error was encountered while trying to flush usage events
[0m15:35:19.867335 [debug] [MainThread]: Sending event: {'category': 'dbt', 'action': 'invocation', 'label': 'start', 'context': [<snowplow_tracker.self_describing_json.SelfDescribingJson object at 0x106a60b00>, <snowplow_tracker.self_describing_json.SelfDescribingJson object at 0x1103f6480>, <snowplow_tracker.self_describing_json.SelfDescribingJson object at 0x1103f61b0>]}


============================== 15:35:19.871613 | f87b07b2-7109-4957-b5b3-9ee0f0b96aad ==============================
[0m15:35:19.871613 [info ] [MainThread]: Running with dbt=1.11.11
[0m15:35:19.872470 [debug] [MainThread]: running dbt with arguments {'static_parser': 'True', 'printer_width': '80', 'invocation_command': 'dbt run --profiles-dir .', 'warn_error_options': 'WarnErrorOptionsV2(error=[], warn=[], silence=[])', 'introspect': 'True', 'cache_selected_only': 'False', 'log_path': '/Users/ankita/insurance-platform/transform/logs', 'quiet': 'False', 'debug': 'False', 'empty': 'False', 'log_format': 'default', 'partial_parse': 'True', 'no_print': 'None', 'log_cache_events': 'False', 'profiles_dir': '.', 'indirect_selection': 'eager', 'fail_fast': 'False', 'use_experimental_parser': 'False', 'send_anonymous_usage_stats': 'True', 'target_path': 'None', 'warn_error': 'None', 'version_check': 'True', 'use_colors': 'True', 'write_json': 'True'}
[0m15:35:20.110665 [debug] [MainThread]: Sending event: {'category': 'dbt', 'action': 'project_id', 'label': 'f87b07b2-7109-4957-b5b3-9ee0f0b96aad', 'context': [<snowplow_tracker.self_describing_json.SelfDescribingJson object at 0x103f037d0>]}
[0m15:35:20.141456 [debug] [MainThread]: Sending event: {'category': 'dbt', 'action': 'adapter_info', 'label': 'f87b07b2-7109-4957-b5b3-9ee0f0b96aad', 'context': [<snowplow_tracker.self_describing_json.SelfDescribingJson object at 0x1106b87d0>]}
[0m15:35:20.142917 [info ] [MainThread]: Registered adapter: duckdb=1.10.1
[0m15:35:20.208217 [debug] [MainThread]: checksum: 30a8cc8fdcbf66701b0944d4ccce3fa46dd04b61e5df68b9f16d57b2e0e3f0be, vars: {}, profile: , target: , version: 1.11.11
[0m15:35:20.261857 [debug] [MainThread]: Partial parsing enabled: 0 files deleted, 0 files added, 1 files changed.
[0m15:35:20.262300 [debug] [MainThread]: Partial parsing: updated file: insurance://models/stg_policies.sql
[0m15:35:20.383508 [debug] [MainThread]: Sending event: {'category': 'dbt', 'action': 'load_project', 'label': 'f87b07b2-7109-4957-b5b3-9ee0f0b96aad', 'context': [<snowplow_tracker.self_describing_json.SelfDescribingJson object at 0x111eb4920>]}
[0m15:35:20.414852 [debug] [MainThread]: Wrote artifact WritableManifest to /Users/ankita/insurance-platform/transform/target/manifest.json
[0m15:35:20.416392 [debug] [MainThread]: Wrote artifact SemanticManifest to /Users/ankita/insurance-platform/transform/target/semantic_manifest.json
[0m15:35:20.422924 [debug] [MainThread]: Sending event: {'category': 'dbt', 'action': 'resource_counts', 'label': 'f87b07b2-7109-4957-b5b3-9ee0f0b96aad', 'context': [<snowplow_tracker.self_describing_json.SelfDescribingJson object at 0x111eb4800>]}
[0m15:35:20.423270 [info ] [MainThread]: Found 2 models, 485 macros
[0m15:35:20.423488 [debug] [MainThread]: Sending event: {'category': 'dbt', 'action': 'runnable_timing', 'label': 'f87b07b2-7109-4957-b5b3-9ee0f0b96aad', 'context': [<snowplow_tracker.self_describing_json.SelfDescribingJson object at 0x111e728d0>]}
[0m15:35:20.424596 [info ] [MainThread]: 
[0m15:35:20.424804 [info ] [MainThread]: Concurrency: 1 threads (target='dev')
[0m15:35:20.424961 [info ] [MainThread]: 
[0m15:35:20.425264 [debug] [MainThread]: Acquiring new duckdb connection 'master'
[0m15:35:20.427584 [debug] [ThreadPool]: Acquiring new duckdb connection 'list_insurance'
[0m15:35:20.501513 [debug] [ThreadPool]: Using duckdb connection "list_insurance"
[0m15:35:20.501824 [debug] [ThreadPool]: On list_insurance: /* {"app": "dbt", "dbt_version": "1.11.11", "profile_name": "insurance", "target_name": "dev", "connection_name": "list_insurance"} */

    
    select schema_name
    from system.information_schema.schemata
    
    where lower(catalog_name) = '"insurance"'
    
  
  
[0m15:35:20.502012 [debug] [ThreadPool]: Opening a new connection, currently in state init
[0m15:35:20.521417 [debug] [ThreadPool]: SQL status: OK in 0.019 seconds
[0m15:35:20.522775 [debug] [ThreadPool]: On list_insurance: Close
[0m15:35:20.523163 [debug] [ThreadPool]: Re-using an available connection from the pool (formerly list_insurance, now create_insurance_main)
[0m15:35:20.523435 [debug] [ThreadPool]: Creating schema "database: "insurance"
schema: "main"
"
[0m15:35:20.527014 [debug] [ThreadPool]: Using duckdb connection "create_insurance_main"
[0m15:35:20.527234 [debug] [ThreadPool]: On create_insurance_main: /* {"app": "dbt", "dbt_version": "1.11.11", "profile_name": "insurance", "target_name": "dev", "connection_name": "create_insurance_main"} */

    
        select type from duckdb_databases()
        where lower(database_name)='insurance'
        and type='sqlite'
    
  
[0m15:35:20.527397 [debug] [ThreadPool]: Opening a new connection, currently in state closed
[0m15:35:20.528182 [debug] [ThreadPool]: SQL status: OK in 0.001 seconds
[0m15:35:20.528918 [debug] [ThreadPool]: Using duckdb connection "create_insurance_main"
[0m15:35:20.529099 [debug] [ThreadPool]: On create_insurance_main: BEGIN
[0m15:35:20.529350 [debug] [ThreadPool]: SQL status: OK in 0.000 seconds
[0m15:35:20.529504 [debug] [ThreadPool]: Using duckdb connection "create_insurance_main"
[0m15:35:20.529656 [debug] [ThreadPool]: On create_insurance_main: /* {"app": "dbt", "dbt_version": "1.11.11", "profile_name": "insurance", "target_name": "dev", "connection_name": "create_insurance_main"} */

    
    
        create schema if not exists "insurance"."main"
    
[0m15:35:20.529931 [debug] [ThreadPool]: SQL status: OK in 0.000 seconds
[0m15:35:20.530447 [debug] [ThreadPool]: On create_insurance_main: COMMIT
[0m15:35:20.530619 [debug] [ThreadPool]: Using duckdb connection "create_insurance_main"
[0m15:35:20.530775 [debug] [ThreadPool]: On create_insurance_main: COMMIT
[0m15:35:20.531013 [debug] [ThreadPool]: SQL status: OK in 0.000 seconds
[0m15:35:20.531188 [debug] [ThreadPool]: On create_insurance_main: Close
[0m15:35:20.531737 [debug] [ThreadPool]: Re-using an available connection from the pool (formerly create_insurance_main, now list_insurance_main)
[0m15:35:20.534552 [debug] [ThreadPool]: Using duckdb connection "list_insurance_main"
[0m15:35:20.534746 [debug] [ThreadPool]: On list_insurance_main: BEGIN
[0m15:35:20.534895 [debug] [ThreadPool]: Opening a new connection, currently in state closed
[0m15:35:20.535152 [debug] [ThreadPool]: SQL status: OK in 0.000 seconds
[0m15:35:20.535308 [debug] [ThreadPool]: Using duckdb connection "list_insurance_main"
[0m15:35:20.535464 [debug] [ThreadPool]: On list_insurance_main: /* {"app": "dbt", "dbt_version": "1.11.11", "profile_name": "insurance", "target_name": "dev", "connection_name": "list_insurance_main"} */
select
      'insurance' as database,
      table_name as name,
      table_schema as schema,
      CASE table_type
        WHEN 'BASE TABLE' THEN 'table'
        WHEN 'VIEW' THEN 'view'
        WHEN 'LOCAL TEMPORARY' THEN 'table'
        END as type
    from system.information_schema.tables
    where lower(table_schema) = 'main'
    and lower(table_catalog) = 'insurance'
  
[0m15:35:20.538242 [debug] [ThreadPool]: SQL status: OK in 0.003 seconds
[0m15:35:20.539008 [debug] [ThreadPool]: On list_insurance_main: ROLLBACK
[0m15:35:20.539915 [debug] [ThreadPool]: Failed to rollback 'list_insurance_main'
[0m15:35:20.540085 [debug] [ThreadPool]: On list_insurance_main: Close
[0m15:35:20.540602 [debug] [MainThread]: Sending event: {'category': 'dbt', 'action': 'runnable_timing', 'label': 'f87b07b2-7109-4957-b5b3-9ee0f0b96aad', 'context': [<snowplow_tracker.self_describing_json.SelfDescribingJson object at 0x111e4faa0>]}
[0m15:35:20.540882 [debug] [MainThread]: Using duckdb connection "master"
[0m15:35:20.541056 [debug] [MainThread]: On master: BEGIN
[0m15:35:20.541205 [debug] [MainThread]: Opening a new connection, currently in state init
[0m15:35:20.541473 [debug] [MainThread]: SQL status: OK in 0.000 seconds
[0m15:35:20.541632 [debug] [MainThread]: On master: COMMIT
[0m15:35:20.541782 [debug] [MainThread]: Using duckdb connection "master"
[0m15:35:20.541921 [debug] [MainThread]: On master: COMMIT
[0m15:35:20.542154 [debug] [MainThread]: SQL status: OK in 0.000 seconds
[0m15:35:20.542326 [debug] [MainThread]: On master: Close
[0m15:35:20.543555 [debug] [Thread-1 (]: Began running node model.insurance.stg_claims
[0m15:35:20.543839 [info ] [Thread-1 (]: 1 of 2 START sql table model main.stg_claims ................................... [RUN]
[0m15:35:20.544080 [debug] [Thread-1 (]: Re-using an available connection from the pool (formerly list_insurance_main, now model.insurance.stg_claims)
[0m15:35:20.544272 [debug] [Thread-1 (]: Began compiling node model.insurance.stg_claims
[0m15:35:20.547576 [debug] [Thread-1 (]: Writing injected SQL for node "model.insurance.stg_claims"
[0m15:35:20.547947 [debug] [Thread-1 (]: Began executing node model.insurance.stg_claims
[0m15:35:20.564917 [debug] [Thread-1 (]: Writing runtime sql for node "model.insurance.stg_claims"
[0m15:35:20.565449 [debug] [Thread-1 (]: Using duckdb connection "model.insurance.stg_claims"
[0m15:35:20.565706 [debug] [Thread-1 (]: On model.insurance.stg_claims: BEGIN
[0m15:35:20.565914 [debug] [Thread-1 (]: Opening a new connection, currently in state closed
[0m15:35:20.566481 [debug] [Thread-1 (]: SQL status: OK in 0.000 seconds
[0m15:35:20.566782 [debug] [Thread-1 (]: Using duckdb connection "model.insurance.stg_claims"
[0m15:35:20.567018 [debug] [Thread-1 (]: On model.insurance.stg_claims: /* {"app": "dbt", "dbt_version": "1.11.11", "profile_name": "insurance", "target_name": "dev", "node_id": "model.insurance.stg_claims"} */

  
    
    

    create  table
      "insurance"."main"."stg_claims__dbt_tmp"
  
    as (
      select
      claim_id,
      policy_id,
      claim_date,
      claim_type,
      claim_amount,
      status, 
      state,

      case
          when claim_amount < 1000  then 'small'
          when claim_amount < 10000 then 'medium'
          when claim_amount < 30000 then 'large'
          else 'catastrophic'
      end as severity_band,
  
      loaded_at

  from raw_claims
    );
  
  
[0m15:35:20.571666 [debug] [Thread-1 (]: SQL status: OK in 0.004 seconds
[0m15:35:20.574627 [debug] [Thread-1 (]: Using duckdb connection "model.insurance.stg_claims"
[0m15:35:20.574852 [debug] [Thread-1 (]: On model.insurance.stg_claims: /* {"app": "dbt", "dbt_version": "1.11.11", "profile_name": "insurance", "target_name": "dev", "node_id": "model.insurance.stg_claims"} */

    SELECT index_name
    FROM duckdb_indexes()
    WHERE schema_name = 'main'
      AND table_name = 'stg_claims'
  
[0m15:35:20.575297 [debug] [Thread-1 (]: SQL status: OK in 0.000 seconds
[0m15:35:20.575965 [debug] [Thread-1 (]: Using duckdb connection "model.insurance.stg_claims"
[0m15:35:20.576157 [debug] [Thread-1 (]: On model.insurance.stg_claims: /* {"app": "dbt", "dbt_version": "1.11.11", "profile_name": "insurance", "target_name": "dev", "node_id": "model.insurance.stg_claims"} */

    SELECT COUNT(*) as remaining_indexes
    FROM duckdb_indexes()
    WHERE schema_name = 'main'
      AND table_name = 'stg_claims'
  
[0m15:35:20.576930 [debug] [Thread-1 (]: SQL status: OK in 0.001 seconds
[0m15:35:20.580413 [debug] [Thread-1 (]: Using duckdb connection "model.insurance.stg_claims"
[0m15:35:20.580639 [debug] [Thread-1 (]: On model.insurance.stg_claims: /* {"app": "dbt", "dbt_version": "1.11.11", "profile_name": "insurance", "target_name": "dev", "node_id": "model.insurance.stg_claims"} */
alter table "insurance"."main"."stg_claims" rename to "stg_claims__dbt_backup"
[0m15:35:20.581116 [debug] [Thread-1 (]: SQL status: OK in 0.000 seconds
[0m15:35:20.583377 [debug] [Thread-1 (]: Using duckdb connection "model.insurance.stg_claims"
[0m15:35:20.583583 [debug] [Thread-1 (]: On model.insurance.stg_claims: /* {"app": "dbt", "dbt_version": "1.11.11", "profile_name": "insurance", "target_name": "dev", "node_id": "model.insurance.stg_claims"} */
alter table "insurance"."main"."stg_claims__dbt_tmp" rename to "stg_claims"
[0m15:35:20.583896 [debug] [Thread-1 (]: SQL status: OK in 0.000 seconds
[0m15:35:20.592363 [debug] [Thread-1 (]: On model.insurance.stg_claims: COMMIT
[0m15:35:20.592589 [debug] [Thread-1 (]: Using duckdb connection "model.insurance.stg_claims"
[0m15:35:20.592764 [debug] [Thread-1 (]: On model.insurance.stg_claims: COMMIT
[0m15:35:20.593830 [debug] [Thread-1 (]: SQL status: OK in 0.001 seconds
[0m15:35:20.596647 [debug] [Thread-1 (]: Using duckdb connection "model.insurance.stg_claims"
[0m15:35:20.596865 [debug] [Thread-1 (]: On model.insurance.stg_claims: /* {"app": "dbt", "dbt_version": "1.11.11", "profile_name": "insurance", "target_name": "dev", "node_id": "model.insurance.stg_claims"} */

      drop table if exists "insurance"."main"."stg_claims__dbt_backup" cascade
    
[0m15:35:20.597501 [debug] [Thread-1 (]: SQL status: OK in 0.000 seconds
[0m15:35:20.598682 [debug] [Thread-1 (]: On model.insurance.stg_claims: Close
[0m15:35:20.599684 [debug] [Thread-1 (]: Sending event: {'category': 'dbt', 'action': 'run_model', 'label': 'f87b07b2-7109-4957-b5b3-9ee0f0b96aad', 'context': [<snowplow_tracker.self_describing_json.SelfDescribingJson object at 0x1103aac30>]}
[0m15:35:20.600018 [info ] [Thread-1 (]: 1 of 2 OK created sql table model main.stg_claims .............................. [[32mOK[0m in 0.05s]
[0m15:35:20.600310 [debug] [Thread-1 (]: Finished running node model.insurance.stg_claims
[0m15:35:20.600521 [debug] [Thread-1 (]: Began running node model.insurance.stg_policies
[0m15:35:20.600803 [info ] [Thread-1 (]: 2 of 2 START sql table model main.stg_policies ................................. [RUN]
[0m15:35:20.601048 [debug] [Thread-1 (]: Re-using an available connection from the pool (formerly model.insurance.stg_claims, now model.insurance.stg_policies)
[0m15:35:20.601247 [debug] [Thread-1 (]: Began compiling node model.insurance.stg_policies
[0m15:35:20.602223 [debug] [Thread-1 (]: Writing injected SQL for node "model.insurance.stg_policies"
[0m15:35:20.602594 [debug] [Thread-1 (]: Began executing node model.insurance.stg_policies
[0m15:35:20.604117 [debug] [Thread-1 (]: Writing runtime sql for node "model.insurance.stg_policies"
[0m15:35:20.604458 [debug] [Thread-1 (]: Using duckdb connection "model.insurance.stg_policies"
[0m15:35:20.604639 [debug] [Thread-1 (]: On model.insurance.stg_policies: BEGIN
[0m15:35:20.604807 [debug] [Thread-1 (]: Opening a new connection, currently in state closed
[0m15:35:20.605135 [debug] [Thread-1 (]: SQL status: OK in 0.000 seconds
[0m15:35:20.605311 [debug] [Thread-1 (]: Using duckdb connection "model.insurance.stg_policies"
[0m15:35:20.605495 [debug] [Thread-1 (]: On model.insurance.stg_policies: /* {"app": "dbt", "dbt_version": "1.11.11", "profile_name": "insurance", "target_name": "dev", "node_id": "model.insurance.stg_policies"} */

  
    
    

    create  table
      "insurance"."main"."stg_policies__dbt_tmp"
  
    as (
      select
    policy_id,
    policyholder,
    state,
    product_type,
    annual_premium,
    start_date,
    status,
    premium_tier,
    loaded_at
from raw_policies

case
    when annual_premium < 1000 then 'budget'
    when annual_premium < 2500 then 'standard'
    else 'premium'
end as premium_tier,
    );
  
  
[0m15:35:20.609922 [debug] [Thread-1 (]: DuckDB adapter: duckdb error: Parser Error: syntax error at or near "case"

LINE 23: case
         ^
[0m15:35:20.610154 [debug] [Thread-1 (]: DuckDB adapter: Error running SQL: /* {"app": "dbt", "dbt_version": "1.11.11", "profile_name": "insurance", "target_name": "dev", "node_id": "model.insurance.stg_policies"} */

  
    
    

    create  table
      "insurance"."main"."stg_policies__dbt_tmp"
  
    as (
      select
    policy_id,
    policyholder,
    state,
    product_type,
    annual_premium,
    start_date,
    status,
    premium_tier,
    loaded_at
from raw_policies

case
    when annual_premium < 1000 then 'budget'
    when annual_premium < 2500 then 'standard'
    else 'premium'
end as premium_tier,
    );
  
  
[0m15:35:20.610339 [debug] [Thread-1 (]: DuckDB adapter: Rolling back transaction.
[0m15:35:20.610511 [debug] [Thread-1 (]: On model.insurance.stg_policies: ROLLBACK
[0m15:35:20.611734 [debug] [Thread-1 (]: Failed to rollback 'model.insurance.stg_policies'
[0m15:35:20.611987 [debug] [Thread-1 (]: On model.insurance.stg_policies: Close
[0m15:35:20.616247 [debug] [Thread-1 (]: Runtime Error in model stg_policies (models/stg_policies.sql)
  Parser Error: syntax error at or near "case"
  
  LINE 23: case
           ^
[0m15:35:20.616728 [debug] [Thread-1 (]: Sending event: {'category': 'dbt', 'action': 'run_model', 'label': 'f87b07b2-7109-4957-b5b3-9ee0f0b96aad', 'context': [<snowplow_tracker.self_describing_json.SelfDescribingJson object at 0x111c38770>]}
[0m15:35:20.617099 [error] [Thread-1 (]: 2 of 2 ERROR creating sql table model main.stg_policies ........................ [[31mERROR[0m in 0.02s]
[0m15:35:20.617397 [debug] [Thread-1 (]: Finished running node model.insurance.stg_policies
[0m15:35:20.617673 [debug] [Thread-4 (]: Marking all children of 'model.insurance.stg_policies' to be skipped because of status 'error'.  Reason: Runtime Error in model stg_policies (models/stg_policies.sql)
  Parser Error: syntax error at or near "case"
  
  LINE 23: case
           ^.
[0m15:35:20.618847 [debug] [MainThread]: Using duckdb connection "master"
[0m15:35:20.619113 [debug] [MainThread]: On master: BEGIN
[0m15:35:20.619282 [debug] [MainThread]: Opening a new connection, currently in state closed
[0m15:35:20.619734 [debug] [MainThread]: SQL status: OK in 0.000 seconds
[0m15:35:20.619976 [debug] [MainThread]: On master: COMMIT
[0m15:35:20.620166 [debug] [MainThread]: Using duckdb connection "master"
[0m15:35:20.620327 [debug] [MainThread]: On master: COMMIT
[0m15:35:20.620607 [debug] [MainThread]: SQL status: OK in 0.000 seconds
[0m15:35:20.620801 [debug] [MainThread]: On master: Close
[0m15:35:20.621030 [debug] [MainThread]: Connection 'master' was properly closed.
[0m15:35:20.621182 [debug] [MainThread]: Connection 'model.insurance.stg_policies' was properly closed.
[0m15:35:20.621387 [info ] [MainThread]: 
[0m15:35:20.621572 [info ] [MainThread]: Finished running 2 table models in 0 hours 0 minutes and 0.20 seconds (0.20s).
[0m15:35:20.622023 [debug] [MainThread]: Command end result
[0m15:35:20.636522 [debug] [MainThread]: Wrote artifact WritableManifest to /Users/ankita/insurance-platform/transform/target/manifest.json
[0m15:35:20.637732 [debug] [MainThread]: Wrote artifact SemanticManifest to /Users/ankita/insurance-platform/transform/target/semantic_manifest.json
[0m15:35:20.640711 [debug] [MainThread]: Wrote artifact RunExecutionResult to /Users/ankita/insurance-platform/transform/target/run_results.json
[0m15:35:20.640900 [info ] [MainThread]: 
[0m15:35:20.641097 [info ] [MainThread]: [31mCompleted with 1 error, 0 partial successes, and 0 warnings:[0m
[0m15:35:20.641266 [info ] [MainThread]: 
[0m15:35:20.641469 [error] [MainThread]: [31mFailure in model stg_policies (models/stg_policies.sql)[0m
[0m15:35:20.641654 [error] [MainThread]:   Runtime Error in model stg_policies (models/stg_policies.sql)
  Parser Error: syntax error at or near "case"
  
  LINE 23: case
           ^
[0m15:35:20.641801 [info ] [MainThread]: 
[0m15:35:20.641973 [info ] [MainThread]:   compiled code at target/compiled/insurance/models/stg_policies.sql
[0m15:35:20.642119 [info ] [MainThread]: 
[0m15:35:20.642284 [info ] [MainThread]: Done. PASS=1 WARN=0 ERROR=1 SKIP=0 NO-OP=0 TOTAL=2
[0m15:35:20.644474 [debug] [MainThread]: Resource report: {"command_name": "run", "command_success": false, "command_wall_clock_time": 0.8321005, "process_in_blocks": "0", "process_kernel_time": 0.267323, "process_mem_max_rss": "152518656", "process_out_blocks": "0", "process_user_time": 1.295023}
[0m15:35:20.644722 [debug] [MainThread]: Command `dbt run` failed at 15:35:20.644682 after 0.83 seconds
[0m15:35:20.644919 [debug] [MainThread]: Sending event: {'category': 'dbt', 'action': 'invocation', 'label': 'end', 'context': [<snowplow_tracker.self_describing_json.SelfDescribingJson object at 0x111cd8aa0>, <snowplow_tracker.self_describing_json.SelfDescribingJson object at 0x110621be0>, <snowplow_tracker.self_describing_json.SelfDescribingJson object at 0x110622150>]}
[0m15:35:20.645114 [debug] [MainThread]: Flushing usage events
[0m15:35:21.641820 [debug] [MainThread]: An error was encountered while trying to flush usage events
[0m15:35:43.649638 [debug] [MainThread]: Sending event: {'category': 'dbt', 'action': 'invocation', 'label': 'start', 'context': [<snowplow_tracker.self_describing_json.SelfDescribingJson object at 0x10697f590>, <snowplow_tracker.self_describing_json.SelfDescribingJson object at 0x107b36510>, <snowplow_tracker.self_describing_json.SelfDescribingJson object at 0x107b36270>]}


============================== 15:35:43.652696 | 43dff319-a0c6-4cf4-b574-54d022307662 ==============================
[0m15:35:43.652696 [info ] [MainThread]: Running with dbt=1.11.11
[0m15:35:43.653053 [debug] [MainThread]: running dbt with arguments {'partial_parse': 'True', 'profiles_dir': '.', 'debug': 'False', 'use_experimental_parser': 'False', 'write_json': 'True', 'empty': 'False', 'log_path': '/Users/ankita/insurance-platform/transform/logs', 'cache_selected_only': 'False', 'invocation_command': 'dbt run --profiles-dir .', 'log_format': 'default', 'no_print': 'None', 'target_path': 'None', 'fail_fast': 'False', 'quiet': 'False', 'version_check': 'True', 'use_colors': 'True', 'printer_width': '80', 'warn_error_options': 'WarnErrorOptionsV2(error=[], warn=[], silence=[])', 'indirect_selection': 'eager', 'introspect': 'True', 'warn_error': 'None', 'static_parser': 'True', 'send_anonymous_usage_stats': 'True', 'log_cache_events': 'False'}
[0m15:35:43.854092 [debug] [MainThread]: Sending event: {'category': 'dbt', 'action': 'project_id', 'label': '43dff319-a0c6-4cf4-b574-54d022307662', 'context': [<snowplow_tracker.self_describing_json.SelfDescribingJson object at 0x107b88800>]}
[0m15:35:43.885143 [debug] [MainThread]: Sending event: {'category': 'dbt', 'action': 'adapter_info', 'label': '43dff319-a0c6-4cf4-b574-54d022307662', 'context': [<snowplow_tracker.self_describing_json.SelfDescribingJson object at 0x107292e40>]}
[0m15:35:43.886724 [info ] [MainThread]: Registered adapter: duckdb=1.10.1
[0m15:35:43.951623 [debug] [MainThread]: checksum: 30a8cc8fdcbf66701b0944d4ccce3fa46dd04b61e5df68b9f16d57b2e0e3f0be, vars: {}, profile: , target: , version: 1.11.11
[0m15:35:44.003578 [debug] [MainThread]: Partial parsing enabled: 0 files deleted, 0 files added, 1 files changed.
[0m15:35:44.003961 [debug] [MainThread]: Partial parsing: updated file: insurance://models/stg_policies.sql
[0m15:35:44.123260 [debug] [MainThread]: Sending event: {'category': 'dbt', 'action': 'load_project', 'label': '43dff319-a0c6-4cf4-b574-54d022307662', 'context': [<snowplow_tracker.self_describing_json.SelfDescribingJson object at 0x107f345f0>]}
[0m15:35:44.154451 [debug] [MainThread]: Wrote artifact WritableManifest to /Users/ankita/insurance-platform/transform/target/manifest.json
[0m15:35:44.155908 [debug] [MainThread]: Wrote artifact SemanticManifest to /Users/ankita/insurance-platform/transform/target/semantic_manifest.json
[0m15:35:44.162236 [debug] [MainThread]: Sending event: {'category': 'dbt', 'action': 'resource_counts', 'label': '43dff319-a0c6-4cf4-b574-54d022307662', 'context': [<snowplow_tracker.self_describing_json.SelfDescribingJson object at 0x1082f54c0>]}
[0m15:35:44.162534 [info ] [MainThread]: Found 2 models, 485 macros
[0m15:35:44.162733 [debug] [MainThread]: Sending event: {'category': 'dbt', 'action': 'runnable_timing', 'label': '43dff319-a0c6-4cf4-b574-54d022307662', 'context': [<snowplow_tracker.self_describing_json.SelfDescribingJson object at 0x1082aa8a0>]}
[0m15:35:44.163703 [info ] [MainThread]: 
[0m15:35:44.163917 [info ] [MainThread]: Concurrency: 1 threads (target='dev')
[0m15:35:44.164075 [info ] [MainThread]: 
[0m15:35:44.164357 [debug] [MainThread]: Acquiring new duckdb connection 'master'
[0m15:35:44.166705 [debug] [ThreadPool]: Acquiring new duckdb connection 'list_insurance'
[0m15:35:44.235632 [debug] [ThreadPool]: Using duckdb connection "list_insurance"
[0m15:35:44.235906 [debug] [ThreadPool]: On list_insurance: /* {"app": "dbt", "dbt_version": "1.11.11", "profile_name": "insurance", "target_name": "dev", "connection_name": "list_insurance"} */

    
    select schema_name
    from system.information_schema.schemata
    
    where lower(catalog_name) = '"insurance"'
    
  
  
[0m15:35:44.236082 [debug] [ThreadPool]: Opening a new connection, currently in state init
[0m15:35:44.258139 [debug] [ThreadPool]: SQL status: OK in 0.022 seconds
[0m15:35:44.259311 [debug] [ThreadPool]: On list_insurance: Close
[0m15:35:44.259693 [debug] [ThreadPool]: Re-using an available connection from the pool (formerly list_insurance, now create_insurance_main)
[0m15:35:44.259941 [debug] [ThreadPool]: Creating schema "database: "insurance"
schema: "main"
"
[0m15:35:44.263445 [debug] [ThreadPool]: Using duckdb connection "create_insurance_main"
[0m15:35:44.263652 [debug] [ThreadPool]: On create_insurance_main: /* {"app": "dbt", "dbt_version": "1.11.11", "profile_name": "insurance", "target_name": "dev", "connection_name": "create_insurance_main"} */

    
        select type from duckdb_databases()
        where lower(database_name)='insurance'
        and type='sqlite'
    
  
[0m15:35:44.263815 [debug] [ThreadPool]: Opening a new connection, currently in state closed
[0m15:35:44.264699 [debug] [ThreadPool]: SQL status: OK in 0.001 seconds
[0m15:35:44.265401 [debug] [ThreadPool]: Using duckdb connection "create_insurance_main"
[0m15:35:44.265573 [debug] [ThreadPool]: On create_insurance_main: BEGIN
[0m15:35:44.265815 [debug] [ThreadPool]: SQL status: OK in 0.000 seconds
[0m15:35:44.265968 [debug] [ThreadPool]: Using duckdb connection "create_insurance_main"
[0m15:35:44.266115 [debug] [ThreadPool]: On create_insurance_main: /* {"app": "dbt", "dbt_version": "1.11.11", "profile_name": "insurance", "target_name": "dev", "connection_name": "create_insurance_main"} */

    
    
        create schema if not exists "insurance"."main"
    
[0m15:35:44.266428 [debug] [ThreadPool]: SQL status: OK in 0.000 seconds
[0m15:35:44.266925 [debug] [ThreadPool]: On create_insurance_main: COMMIT
[0m15:35:44.267089 [debug] [ThreadPool]: Using duckdb connection "create_insurance_main"
[0m15:35:44.267235 [debug] [ThreadPool]: On create_insurance_main: COMMIT
[0m15:35:44.267459 [debug] [ThreadPool]: SQL status: OK in 0.000 seconds
[0m15:35:44.267611 [debug] [ThreadPool]: On create_insurance_main: Close
[0m15:35:44.268171 [debug] [ThreadPool]: Re-using an available connection from the pool (formerly create_insurance_main, now list_insurance_main)
[0m15:35:44.270945 [debug] [ThreadPool]: Using duckdb connection "list_insurance_main"
[0m15:35:44.271134 [debug] [ThreadPool]: On list_insurance_main: BEGIN
[0m15:35:44.271285 [debug] [ThreadPool]: Opening a new connection, currently in state closed
[0m15:35:44.271549 [debug] [ThreadPool]: SQL status: OK in 0.000 seconds
[0m15:35:44.271700 [debug] [ThreadPool]: Using duckdb connection "list_insurance_main"
[0m15:35:44.271863 [debug] [ThreadPool]: On list_insurance_main: /* {"app": "dbt", "dbt_version": "1.11.11", "profile_name": "insurance", "target_name": "dev", "connection_name": "list_insurance_main"} */
select
      'insurance' as database,
      table_name as name,
      table_schema as schema,
      CASE table_type
        WHEN 'BASE TABLE' THEN 'table'
        WHEN 'VIEW' THEN 'view'
        WHEN 'LOCAL TEMPORARY' THEN 'table'
        END as type
    from system.information_schema.tables
    where lower(table_schema) = 'main'
    and lower(table_catalog) = 'insurance'
  
[0m15:35:44.274894 [debug] [ThreadPool]: SQL status: OK in 0.003 seconds
[0m15:35:44.275645 [debug] [ThreadPool]: On list_insurance_main: ROLLBACK
[0m15:35:44.276610 [debug] [ThreadPool]: Failed to rollback 'list_insurance_main'
[0m15:35:44.276779 [debug] [ThreadPool]: On list_insurance_main: Close
[0m15:35:44.277462 [debug] [MainThread]: Sending event: {'category': 'dbt', 'action': 'runnable_timing', 'label': '43dff319-a0c6-4cf4-b574-54d022307662', 'context': [<snowplow_tracker.self_describing_json.SelfDescribingJson object at 0x1051a34a0>]}
[0m15:35:44.277710 [debug] [MainThread]: Using duckdb connection "master"
[0m15:35:44.277869 [debug] [MainThread]: On master: BEGIN
[0m15:35:44.278014 [debug] [MainThread]: Opening a new connection, currently in state init
[0m15:35:44.278267 [debug] [MainThread]: SQL status: OK in 0.000 seconds
[0m15:35:44.278423 [debug] [MainThread]: On master: COMMIT
[0m15:35:44.278568 [debug] [MainThread]: Using duckdb connection "master"
[0m15:35:44.278709 [debug] [MainThread]: On master: COMMIT
[0m15:35:44.278915 [debug] [MainThread]: SQL status: OK in 0.000 seconds
[0m15:35:44.279062 [debug] [MainThread]: On master: Close
[0m15:35:44.280288 [debug] [Thread-1 (]: Began running node model.insurance.stg_claims
[0m15:35:44.280569 [info ] [Thread-1 (]: 1 of 2 START sql table model main.stg_claims ................................... [RUN]
[0m15:35:44.280803 [debug] [Thread-1 (]: Re-using an available connection from the pool (formerly list_insurance_main, now model.insurance.stg_claims)
[0m15:35:44.281007 [debug] [Thread-1 (]: Began compiling node model.insurance.stg_claims
[0m15:35:44.284338 [debug] [Thread-1 (]: Writing injected SQL for node "model.insurance.stg_claims"
[0m15:35:44.284718 [debug] [Thread-1 (]: Began executing node model.insurance.stg_claims
[0m15:35:44.301635 [debug] [Thread-1 (]: Writing runtime sql for node "model.insurance.stg_claims"
[0m15:35:44.302189 [debug] [Thread-1 (]: Using duckdb connection "model.insurance.stg_claims"
[0m15:35:44.302393 [debug] [Thread-1 (]: On model.insurance.stg_claims: BEGIN
[0m15:35:44.302576 [debug] [Thread-1 (]: Opening a new connection, currently in state closed
[0m15:35:44.302958 [debug] [Thread-1 (]: SQL status: OK in 0.000 seconds
[0m15:35:44.303134 [debug] [Thread-1 (]: Using duckdb connection "model.insurance.stg_claims"
[0m15:35:44.303315 [debug] [Thread-1 (]: On model.insurance.stg_claims: /* {"app": "dbt", "dbt_version": "1.11.11", "profile_name": "insurance", "target_name": "dev", "node_id": "model.insurance.stg_claims"} */

  
    
    

    create  table
      "insurance"."main"."stg_claims__dbt_tmp"
  
    as (
      select
      claim_id,
      policy_id,
      claim_date,
      claim_type,
      claim_amount,
      status, 
      state,

      case
          when claim_amount < 1000  then 'small'
          when claim_amount < 10000 then 'medium'
          when claim_amount < 30000 then 'large'
          else 'catastrophic'
      end as severity_band,
  
      loaded_at

  from raw_claims
    );
  
  
[0m15:35:44.309404 [debug] [Thread-1 (]: SQL status: OK in 0.006 seconds
[0m15:35:44.312430 [debug] [Thread-1 (]: Using duckdb connection "model.insurance.stg_claims"
[0m15:35:44.312656 [debug] [Thread-1 (]: On model.insurance.stg_claims: /* {"app": "dbt", "dbt_version": "1.11.11", "profile_name": "insurance", "target_name": "dev", "node_id": "model.insurance.stg_claims"} */

    SELECT index_name
    FROM duckdb_indexes()
    WHERE schema_name = 'main'
      AND table_name = 'stg_claims'
  
[0m15:35:44.313145 [debug] [Thread-1 (]: SQL status: OK in 0.000 seconds
[0m15:35:44.313808 [debug] [Thread-1 (]: Using duckdb connection "model.insurance.stg_claims"
[0m15:35:44.314001 [debug] [Thread-1 (]: On model.insurance.stg_claims: /* {"app": "dbt", "dbt_version": "1.11.11", "profile_name": "insurance", "target_name": "dev", "node_id": "model.insurance.stg_claims"} */

    SELECT COUNT(*) as remaining_indexes
    FROM duckdb_indexes()
    WHERE schema_name = 'main'
      AND table_name = 'stg_claims'
  
[0m15:35:44.315243 [debug] [Thread-1 (]: SQL status: OK in 0.001 seconds
[0m15:35:44.318705 [debug] [Thread-1 (]: Using duckdb connection "model.insurance.stg_claims"
[0m15:35:44.318927 [debug] [Thread-1 (]: On model.insurance.stg_claims: /* {"app": "dbt", "dbt_version": "1.11.11", "profile_name": "insurance", "target_name": "dev", "node_id": "model.insurance.stg_claims"} */
alter table "insurance"."main"."stg_claims" rename to "stg_claims__dbt_backup"
[0m15:35:44.319745 [debug] [Thread-1 (]: SQL status: OK in 0.001 seconds
[0m15:35:44.321962 [debug] [Thread-1 (]: Using duckdb connection "model.insurance.stg_claims"
[0m15:35:44.322175 [debug] [Thread-1 (]: On model.insurance.stg_claims: /* {"app": "dbt", "dbt_version": "1.11.11", "profile_name": "insurance", "target_name": "dev", "node_id": "model.insurance.stg_claims"} */
alter table "insurance"."main"."stg_claims__dbt_tmp" rename to "stg_claims"
[0m15:35:44.322510 [debug] [Thread-1 (]: SQL status: OK in 0.000 seconds
[0m15:35:44.331379 [debug] [Thread-1 (]: On model.insurance.stg_claims: COMMIT
[0m15:35:44.331633 [debug] [Thread-1 (]: Using duckdb connection "model.insurance.stg_claims"
[0m15:35:44.331824 [debug] [Thread-1 (]: On model.insurance.stg_claims: COMMIT
[0m15:35:44.332885 [debug] [Thread-1 (]: SQL status: OK in 0.001 seconds
[0m15:35:44.335788 [debug] [Thread-1 (]: Using duckdb connection "model.insurance.stg_claims"
[0m15:35:44.336009 [debug] [Thread-1 (]: On model.insurance.stg_claims: /* {"app": "dbt", "dbt_version": "1.11.11", "profile_name": "insurance", "target_name": "dev", "node_id": "model.insurance.stg_claims"} */

      drop table if exists "insurance"."main"."stg_claims__dbt_backup" cascade
    
[0m15:35:44.336661 [debug] [Thread-1 (]: SQL status: OK in 0.000 seconds
[0m15:35:44.337908 [debug] [Thread-1 (]: On model.insurance.stg_claims: Close
[0m15:35:44.339210 [debug] [Thread-1 (]: Sending event: {'category': 'dbt', 'action': 'run_model', 'label': '43dff319-a0c6-4cf4-b574-54d022307662', 'context': [<snowplow_tracker.self_describing_json.SelfDescribingJson object at 0x107c40ec0>]}
[0m15:35:44.339586 [info ] [Thread-1 (]: 1 of 2 OK created sql table model main.stg_claims .............................. [[32mOK[0m in 0.06s]
[0m15:35:44.339893 [debug] [Thread-1 (]: Finished running node model.insurance.stg_claims
[0m15:35:44.340114 [debug] [Thread-1 (]: Began running node model.insurance.stg_policies
[0m15:35:44.340357 [info ] [Thread-1 (]: 2 of 2 START sql table model main.stg_policies ................................. [RUN]
[0m15:35:44.340637 [debug] [Thread-1 (]: Re-using an available connection from the pool (formerly model.insurance.stg_claims, now model.insurance.stg_policies)
[0m15:35:44.340825 [debug] [Thread-1 (]: Began compiling node model.insurance.stg_policies
[0m15:35:44.341841 [debug] [Thread-1 (]: Writing injected SQL for node "model.insurance.stg_policies"
[0m15:35:44.342238 [debug] [Thread-1 (]: Began executing node model.insurance.stg_policies
[0m15:35:44.343837 [debug] [Thread-1 (]: Writing runtime sql for node "model.insurance.stg_policies"
[0m15:35:44.344195 [debug] [Thread-1 (]: Using duckdb connection "model.insurance.stg_policies"
[0m15:35:44.344383 [debug] [Thread-1 (]: On model.insurance.stg_policies: BEGIN
[0m15:35:44.344558 [debug] [Thread-1 (]: Opening a new connection, currently in state closed
[0m15:35:44.344941 [debug] [Thread-1 (]: SQL status: OK in 0.000 seconds
[0m15:35:44.345127 [debug] [Thread-1 (]: Using duckdb connection "model.insurance.stg_policies"
[0m15:35:44.345511 [debug] [Thread-1 (]: On model.insurance.stg_policies: /* {"app": "dbt", "dbt_version": "1.11.11", "profile_name": "insurance", "target_name": "dev", "node_id": "model.insurance.stg_policies"} */

  
    
    

    create  table
      "insurance"."main"."stg_policies__dbt_tmp"
  
    as (
      select
    policy_id,
    policyholder,
    state,
    product_type,
    annual_premium,
    start_date,
    status,
    premium_tier,
    loaded_at
from raw_policies

case
    when annual_premium < 1000 then 'budget'
    when annual_premium < 2500 then 'standard'
    else 'premium'
end as premium_tier
    );
  
  
[0m15:35:44.351040 [debug] [Thread-1 (]: DuckDB adapter: duckdb error: Parser Error: syntax error at or near "case"

LINE 23: case
         ^
[0m15:35:44.351465 [debug] [Thread-1 (]: DuckDB adapter: Error running SQL: /* {"app": "dbt", "dbt_version": "1.11.11", "profile_name": "insurance", "target_name": "dev", "node_id": "model.insurance.stg_policies"} */

  
    
    

    create  table
      "insurance"."main"."stg_policies__dbt_tmp"
  
    as (
      select
    policy_id,
    policyholder,
    state,
    product_type,
    annual_premium,
    start_date,
    status,
    premium_tier,
    loaded_at
from raw_policies

case
    when annual_premium < 1000 then 'budget'
    when annual_premium < 2500 then 'standard'
    else 'premium'
end as premium_tier
    );
  
  
[0m15:35:44.351689 [debug] [Thread-1 (]: DuckDB adapter: Rolling back transaction.
[0m15:35:44.351883 [debug] [Thread-1 (]: On model.insurance.stg_policies: ROLLBACK
[0m15:35:44.353242 [debug] [Thread-1 (]: Failed to rollback 'model.insurance.stg_policies'
[0m15:35:44.353548 [debug] [Thread-1 (]: On model.insurance.stg_policies: Close
[0m15:35:44.357560 [debug] [Thread-1 (]: Runtime Error in model stg_policies (models/stg_policies.sql)
  Parser Error: syntax error at or near "case"
  
  LINE 23: case
           ^
[0m15:35:44.357845 [debug] [Thread-1 (]: Sending event: {'category': 'dbt', 'action': 'run_model', 'label': '43dff319-a0c6-4cf4-b574-54d022307662', 'context': [<snowplow_tracker.self_describing_json.SelfDescribingJson object at 0x1081115b0>]}
[0m15:35:44.358205 [error] [Thread-1 (]: 2 of 2 ERROR creating sql table model main.stg_policies ........................ [[31mERROR[0m in 0.02s]
[0m15:35:44.358502 [debug] [Thread-1 (]: Finished running node model.insurance.stg_policies
[0m15:35:44.358780 [debug] [Thread-4 (]: Marking all children of 'model.insurance.stg_policies' to be skipped because of status 'error'.  Reason: Runtime Error in model stg_policies (models/stg_policies.sql)
  Parser Error: syntax error at or near "case"
  
  LINE 23: case
           ^.
[0m15:35:44.359659 [debug] [MainThread]: Using duckdb connection "master"
[0m15:35:44.359829 [debug] [MainThread]: On master: BEGIN
[0m15:35:44.359975 [debug] [MainThread]: Opening a new connection, currently in state closed
[0m15:35:44.360325 [debug] [MainThread]: SQL status: OK in 0.000 seconds
[0m15:35:44.360481 [debug] [MainThread]: On master: COMMIT
[0m15:35:44.360627 [debug] [MainThread]: Using duckdb connection "master"
[0m15:35:44.360771 [debug] [MainThread]: On master: COMMIT
[0m15:35:44.360994 [debug] [MainThread]: SQL status: OK in 0.000 seconds
[0m15:35:44.361146 [debug] [MainThread]: On master: Close
[0m15:35:44.361337 [debug] [MainThread]: Connection 'master' was properly closed.
[0m15:35:44.361480 [debug] [MainThread]: Connection 'model.insurance.stg_policies' was properly closed.
[0m15:35:44.361660 [info ] [MainThread]: 
[0m15:35:44.361831 [info ] [MainThread]: Finished running 2 table models in 0 hours 0 minutes and 0.20 seconds (0.20s).
[0m15:35:44.362226 [debug] [MainThread]: Command end result
[0m15:35:44.377282 [debug] [MainThread]: Wrote artifact WritableManifest to /Users/ankita/insurance-platform/transform/target/manifest.json
[0m15:35:44.378447 [debug] [MainThread]: Wrote artifact SemanticManifest to /Users/ankita/insurance-platform/transform/target/semantic_manifest.json
[0m15:35:44.381560 [debug] [MainThread]: Wrote artifact RunExecutionResult to /Users/ankita/insurance-platform/transform/target/run_results.json
[0m15:35:44.381790 [info ] [MainThread]: 
[0m15:35:44.382119 [info ] [MainThread]: [31mCompleted with 1 error, 0 partial successes, and 0 warnings:[0m
[0m15:35:44.382317 [info ] [MainThread]: 
[0m15:35:44.382532 [error] [MainThread]: [31mFailure in model stg_policies (models/stg_policies.sql)[0m
[0m15:35:44.382729 [error] [MainThread]:   Runtime Error in model stg_policies (models/stg_policies.sql)
  Parser Error: syntax error at or near "case"
  
  LINE 23: case
           ^
[0m15:35:44.382882 [info ] [MainThread]: 
[0m15:35:44.383058 [info ] [MainThread]:   compiled code at target/compiled/insurance/models/stg_policies.sql
[0m15:35:44.383209 [info ] [MainThread]: 
[0m15:35:44.383379 [info ] [MainThread]: Done. PASS=1 WARN=0 ERROR=1 SKIP=0 NO-OP=0 TOTAL=2
[0m15:35:44.385663 [debug] [MainThread]: Resource report: {"command_name": "run", "command_success": false, "command_wall_clock_time": 0.7777333, "process_in_blocks": "0", "process_kernel_time": 0.242181, "process_mem_max_rss": "152797184", "process_out_blocks": "0", "process_user_time": 1.267129}
[0m15:35:44.385927 [debug] [MainThread]: Command `dbt run` failed at 15:35:44.385884 after 0.78 seconds
[0m15:35:44.386129 [debug] [MainThread]: Sending event: {'category': 'dbt', 'action': 'invocation', 'label': 'end', 'context': [<snowplow_tracker.self_describing_json.SelfDescribingJson object at 0x1081f9580>, <snowplow_tracker.self_describing_json.SelfDescribingJson object at 0x108210e00>, <snowplow_tracker.self_describing_json.SelfDescribingJson object at 0x10856ef30>]}
[0m15:35:44.386323 [debug] [MainThread]: Flushing usage events
[0m15:35:45.345362 [debug] [MainThread]: An error was encountered while trying to flush usage events
[0m15:38:43.965503 [debug] [MainThread]: Sending event: {'category': 'dbt', 'action': 'invocation', 'label': 'start', 'context': [<snowplow_tracker.self_describing_json.SelfDescribingJson object at 0x1040537a0>, <snowplow_tracker.self_describing_json.SelfDescribingJson object at 0x10520e6c0>, <snowplow_tracker.self_describing_json.SelfDescribingJson object at 0x10520e450>]}


============================== 15:38:43.968675 | 2f917659-2e9d-413b-9ca3-08ac3a3a67a0 ==============================
[0m15:38:43.968675 [info ] [MainThread]: Running with dbt=1.11.11
[0m15:38:43.969028 [debug] [MainThread]: running dbt with arguments {'cache_selected_only': 'False', 'profiles_dir': '.', 'introspect': 'True', 'fail_fast': 'False', 'log_format': 'default', 'static_parser': 'True', 'log_path': '/Users/ankita/insurance-platform/transform/logs', 'no_print': 'None', 'quiet': 'False', 'use_colors': 'True', 'indirect_selection': 'eager', 'send_anonymous_usage_stats': 'True', 'invocation_command': 'dbt run --profiles-dir .', 'log_cache_events': 'False', 'warn_error': 'None', 'write_json': 'True', 'debug': 'False', 'printer_width': '80', 'warn_error_options': 'WarnErrorOptionsV2(error=[], warn=[], silence=[])', 'version_check': 'True', 'target_path': 'None', 'partial_parse': 'True', 'empty': 'False', 'use_experimental_parser': 'False'}
[0m15:38:44.179970 [debug] [MainThread]: Sending event: {'category': 'dbt', 'action': 'project_id', 'label': '2f917659-2e9d-413b-9ca3-08ac3a3a67a0', 'context': [<snowplow_tracker.self_describing_json.SelfDescribingJson object at 0x104b69b50>]}
[0m15:38:44.212010 [debug] [MainThread]: Sending event: {'category': 'dbt', 'action': 'adapter_info', 'label': '2f917659-2e9d-413b-9ca3-08ac3a3a67a0', 'context': [<snowplow_tracker.self_describing_json.SelfDescribingJson object at 0x10533c3b0>]}
[0m15:38:44.213654 [info ] [MainThread]: Registered adapter: duckdb=1.10.1
[0m15:38:44.279110 [debug] [MainThread]: checksum: 30a8cc8fdcbf66701b0944d4ccce3fa46dd04b61e5df68b9f16d57b2e0e3f0be, vars: {}, profile: , target: , version: 1.11.11
[0m15:38:44.337316 [debug] [MainThread]: Partial parsing enabled: 0 files deleted, 0 files added, 1 files changed.
[0m15:38:44.337700 [debug] [MainThread]: Partial parsing: updated file: insurance://models/stg_policies.sql
[0m15:38:44.457233 [debug] [MainThread]: Sending event: {'category': 'dbt', 'action': 'load_project', 'label': '2f917659-2e9d-413b-9ca3-08ac3a3a67a0', 'context': [<snowplow_tracker.self_describing_json.SelfDescribingJson object at 0x1056045f0>]}
[0m15:38:44.488957 [debug] [MainThread]: Wrote artifact WritableManifest to /Users/ankita/insurance-platform/transform/target/manifest.json
[0m15:38:44.490509 [debug] [MainThread]: Wrote artifact SemanticManifest to /Users/ankita/insurance-platform/transform/target/semantic_manifest.json
[0m15:38:44.497045 [debug] [MainThread]: Sending event: {'category': 'dbt', 'action': 'resource_counts', 'label': '2f917659-2e9d-413b-9ca3-08ac3a3a67a0', 'context': [<snowplow_tracker.self_describing_json.SelfDescribingJson object at 0x1059ccb90>]}
[0m15:38:44.497348 [info ] [MainThread]: Found 2 models, 485 macros
[0m15:38:44.497546 [debug] [MainThread]: Sending event: {'category': 'dbt', 'action': 'runnable_timing', 'label': '2f917659-2e9d-413b-9ca3-08ac3a3a67a0', 'context': [<snowplow_tracker.self_describing_json.SelfDescribingJson object at 0x10549af30>]}
[0m15:38:44.498535 [info ] [MainThread]: 
[0m15:38:44.498743 [info ] [MainThread]: Concurrency: 1 threads (target='dev')
[0m15:38:44.498899 [info ] [MainThread]: 
[0m15:38:44.499161 [debug] [MainThread]: Acquiring new duckdb connection 'master'
[0m15:38:44.501510 [debug] [ThreadPool]: Acquiring new duckdb connection 'list_insurance'
[0m15:38:44.572180 [debug] [ThreadPool]: Using duckdb connection "list_insurance"
[0m15:38:44.572454 [debug] [ThreadPool]: On list_insurance: /* {"app": "dbt", "dbt_version": "1.11.11", "profile_name": "insurance", "target_name": "dev", "connection_name": "list_insurance"} */

    
    select schema_name
    from system.information_schema.schemata
    
    where lower(catalog_name) = '"insurance"'
    
  
  
[0m15:38:44.572632 [debug] [ThreadPool]: Opening a new connection, currently in state init
[0m15:38:44.593459 [debug] [ThreadPool]: SQL status: OK in 0.021 seconds
[0m15:38:44.594468 [debug] [ThreadPool]: On list_insurance: Close
[0m15:38:44.594860 [debug] [ThreadPool]: Re-using an available connection from the pool (formerly list_insurance, now create_insurance_main)
[0m15:38:44.595111 [debug] [ThreadPool]: Creating schema "database: "insurance"
schema: "main"
"
[0m15:38:44.598678 [debug] [ThreadPool]: Using duckdb connection "create_insurance_main"
[0m15:38:44.598901 [debug] [ThreadPool]: On create_insurance_main: /* {"app": "dbt", "dbt_version": "1.11.11", "profile_name": "insurance", "target_name": "dev", "connection_name": "create_insurance_main"} */

    
        select type from duckdb_databases()
        where lower(database_name)='insurance'
        and type='sqlite'
    
  
[0m15:38:44.599071 [debug] [ThreadPool]: Opening a new connection, currently in state closed
[0m15:38:44.600042 [debug] [ThreadPool]: SQL status: OK in 0.001 seconds
[0m15:38:44.600735 [debug] [ThreadPool]: Using duckdb connection "create_insurance_main"
[0m15:38:44.600896 [debug] [ThreadPool]: On create_insurance_main: BEGIN
[0m15:38:44.601126 [debug] [ThreadPool]: SQL status: OK in 0.000 seconds
[0m15:38:44.601270 [debug] [ThreadPool]: Using duckdb connection "create_insurance_main"
[0m15:38:44.601420 [debug] [ThreadPool]: On create_insurance_main: /* {"app": "dbt", "dbt_version": "1.11.11", "profile_name": "insurance", "target_name": "dev", "connection_name": "create_insurance_main"} */

    
    
        create schema if not exists "insurance"."main"
    
[0m15:38:44.601738 [debug] [ThreadPool]: SQL status: OK in 0.000 seconds
[0m15:38:44.602251 [debug] [ThreadPool]: On create_insurance_main: COMMIT
[0m15:38:44.602414 [debug] [ThreadPool]: Using duckdb connection "create_insurance_main"
[0m15:38:44.602572 [debug] [ThreadPool]: On create_insurance_main: COMMIT
[0m15:38:44.602794 [debug] [ThreadPool]: SQL status: OK in 0.000 seconds
[0m15:38:44.602951 [debug] [ThreadPool]: On create_insurance_main: Close
[0m15:38:44.603492 [debug] [ThreadPool]: Re-using an available connection from the pool (formerly create_insurance_main, now list_insurance_main)
[0m15:38:44.606348 [debug] [ThreadPool]: Using duckdb connection "list_insurance_main"
[0m15:38:44.606553 [debug] [ThreadPool]: On list_insurance_main: BEGIN
[0m15:38:44.606711 [debug] [ThreadPool]: Opening a new connection, currently in state closed
[0m15:38:44.607002 [debug] [ThreadPool]: SQL status: OK in 0.000 seconds
[0m15:38:44.607153 [debug] [ThreadPool]: Using duckdb connection "list_insurance_main"
[0m15:38:44.607306 [debug] [ThreadPool]: On list_insurance_main: /* {"app": "dbt", "dbt_version": "1.11.11", "profile_name": "insurance", "target_name": "dev", "connection_name": "list_insurance_main"} */
select
      'insurance' as database,
      table_name as name,
      table_schema as schema,
      CASE table_type
        WHEN 'BASE TABLE' THEN 'table'
        WHEN 'VIEW' THEN 'view'
        WHEN 'LOCAL TEMPORARY' THEN 'table'
        END as type
    from system.information_schema.tables
    where lower(table_schema) = 'main'
    and lower(table_catalog) = 'insurance'
  
[0m15:38:44.610160 [debug] [ThreadPool]: SQL status: OK in 0.003 seconds
[0m15:38:44.610937 [debug] [ThreadPool]: On list_insurance_main: ROLLBACK
[0m15:38:44.611888 [debug] [ThreadPool]: Failed to rollback 'list_insurance_main'
[0m15:38:44.612058 [debug] [ThreadPool]: On list_insurance_main: Close
[0m15:38:44.612772 [debug] [MainThread]: Sending event: {'category': 'dbt', 'action': 'runnable_timing', 'label': '2f917659-2e9d-413b-9ca3-08ac3a3a67a0', 'context': [<snowplow_tracker.self_describing_json.SelfDescribingJson object at 0x1027a3230>]}
[0m15:38:44.613077 [debug] [MainThread]: Using duckdb connection "master"
[0m15:38:44.613253 [debug] [MainThread]: On master: BEGIN
[0m15:38:44.613410 [debug] [MainThread]: Opening a new connection, currently in state init
[0m15:38:44.613722 [debug] [MainThread]: SQL status: OK in 0.000 seconds
[0m15:38:44.613885 [debug] [MainThread]: On master: COMMIT
[0m15:38:44.614037 [debug] [MainThread]: Using duckdb connection "master"
[0m15:38:44.614180 [debug] [MainThread]: On master: COMMIT
[0m15:38:44.614404 [debug] [MainThread]: SQL status: OK in 0.000 seconds
[0m15:38:44.614554 [debug] [MainThread]: On master: Close
[0m15:38:44.615835 [debug] [Thread-1 (]: Began running node model.insurance.stg_claims
[0m15:38:44.616133 [info ] [Thread-1 (]: 1 of 2 START sql table model main.stg_claims ................................... [RUN]
[0m15:38:44.616384 [debug] [Thread-1 (]: Re-using an available connection from the pool (formerly list_insurance_main, now model.insurance.stg_claims)
[0m15:38:44.616578 [debug] [Thread-1 (]: Began compiling node model.insurance.stg_claims
[0m15:38:44.620001 [debug] [Thread-1 (]: Writing injected SQL for node "model.insurance.stg_claims"
[0m15:38:44.620394 [debug] [Thread-1 (]: Began executing node model.insurance.stg_claims
[0m15:38:44.637959 [debug] [Thread-1 (]: Writing runtime sql for node "model.insurance.stg_claims"
[0m15:38:44.638503 [debug] [Thread-1 (]: Using duckdb connection "model.insurance.stg_claims"
[0m15:38:44.638704 [debug] [Thread-1 (]: On model.insurance.stg_claims: BEGIN
[0m15:38:44.638875 [debug] [Thread-1 (]: Opening a new connection, currently in state closed
[0m15:38:44.639266 [debug] [Thread-1 (]: SQL status: OK in 0.000 seconds
[0m15:38:44.639441 [debug] [Thread-1 (]: Using duckdb connection "model.insurance.stg_claims"
[0m15:38:44.639624 [debug] [Thread-1 (]: On model.insurance.stg_claims: /* {"app": "dbt", "dbt_version": "1.11.11", "profile_name": "insurance", "target_name": "dev", "node_id": "model.insurance.stg_claims"} */

  
    
    

    create  table
      "insurance"."main"."stg_claims__dbt_tmp"
  
    as (
      select
      claim_id,
      policy_id,
      claim_date,
      claim_type,
      claim_amount,
      status, 
      state,

      case
          when claim_amount < 1000  then 'small'
          when claim_amount < 10000 then 'medium'
          when claim_amount < 30000 then 'large'
          else 'catastrophic'
      end as severity_band,
  
      loaded_at

  from raw_claims
    );
  
  
[0m15:38:44.645673 [debug] [Thread-1 (]: SQL status: OK in 0.006 seconds
[0m15:38:44.648628 [debug] [Thread-1 (]: Using duckdb connection "model.insurance.stg_claims"
[0m15:38:44.648863 [debug] [Thread-1 (]: On model.insurance.stg_claims: /* {"app": "dbt", "dbt_version": "1.11.11", "profile_name": "insurance", "target_name": "dev", "node_id": "model.insurance.stg_claims"} */

    SELECT index_name
    FROM duckdb_indexes()
    WHERE schema_name = 'main'
      AND table_name = 'stg_claims'
  
[0m15:38:44.649358 [debug] [Thread-1 (]: SQL status: OK in 0.000 seconds
[0m15:38:44.650037 [debug] [Thread-1 (]: Using duckdb connection "model.insurance.stg_claims"
[0m15:38:44.650238 [debug] [Thread-1 (]: On model.insurance.stg_claims: /* {"app": "dbt", "dbt_version": "1.11.11", "profile_name": "insurance", "target_name": "dev", "node_id": "model.insurance.stg_claims"} */

    SELECT COUNT(*) as remaining_indexes
    FROM duckdb_indexes()
    WHERE schema_name = 'main'
      AND table_name = 'stg_claims'
  
[0m15:38:44.651391 [debug] [Thread-1 (]: SQL status: OK in 0.001 seconds
[0m15:38:44.655014 [debug] [Thread-1 (]: Using duckdb connection "model.insurance.stg_claims"
[0m15:38:44.655246 [debug] [Thread-1 (]: On model.insurance.stg_claims: /* {"app": "dbt", "dbt_version": "1.11.11", "profile_name": "insurance", "target_name": "dev", "node_id": "model.insurance.stg_claims"} */
alter table "insurance"."main"."stg_claims" rename to "stg_claims__dbt_backup"
[0m15:38:44.655858 [debug] [Thread-1 (]: SQL status: OK in 0.000 seconds
[0m15:38:44.658353 [debug] [Thread-1 (]: Using duckdb connection "model.insurance.stg_claims"
[0m15:38:44.658612 [debug] [Thread-1 (]: On model.insurance.stg_claims: /* {"app": "dbt", "dbt_version": "1.11.11", "profile_name": "insurance", "target_name": "dev", "node_id": "model.insurance.stg_claims"} */
alter table "insurance"."main"."stg_claims__dbt_tmp" rename to "stg_claims"
[0m15:38:44.659005 [debug] [Thread-1 (]: SQL status: OK in 0.000 seconds
[0m15:38:44.667695 [debug] [Thread-1 (]: On model.insurance.stg_claims: COMMIT
[0m15:38:44.667937 [debug] [Thread-1 (]: Using duckdb connection "model.insurance.stg_claims"
[0m15:38:44.668124 [debug] [Thread-1 (]: On model.insurance.stg_claims: COMMIT
[0m15:38:44.669082 [debug] [Thread-1 (]: SQL status: OK in 0.001 seconds
[0m15:38:44.671948 [debug] [Thread-1 (]: Using duckdb connection "model.insurance.stg_claims"
[0m15:38:44.672174 [debug] [Thread-1 (]: On model.insurance.stg_claims: /* {"app": "dbt", "dbt_version": "1.11.11", "profile_name": "insurance", "target_name": "dev", "node_id": "model.insurance.stg_claims"} */

      drop table if exists "insurance"."main"."stg_claims__dbt_backup" cascade
    
[0m15:38:44.672662 [debug] [Thread-1 (]: SQL status: OK in 0.000 seconds
[0m15:38:44.673944 [debug] [Thread-1 (]: On model.insurance.stg_claims: Close
[0m15:38:44.675319 [debug] [Thread-1 (]: Sending event: {'category': 'dbt', 'action': 'run_model', 'label': '2f917659-2e9d-413b-9ca3-08ac3a3a67a0', 'context': [<snowplow_tracker.self_describing_json.SelfDescribingJson object at 0x105c0db50>]}
[0m15:38:44.675700 [info ] [Thread-1 (]: 1 of 2 OK created sql table model main.stg_claims .............................. [[32mOK[0m in 0.06s]
[0m15:38:44.676007 [debug] [Thread-1 (]: Finished running node model.insurance.stg_claims
[0m15:38:44.676223 [debug] [Thread-1 (]: Began running node model.insurance.stg_policies
[0m15:38:44.676486 [info ] [Thread-1 (]: 2 of 2 START sql table model main.stg_policies ................................. [RUN]
[0m15:38:44.676715 [debug] [Thread-1 (]: Re-using an available connection from the pool (formerly model.insurance.stg_claims, now model.insurance.stg_policies)
[0m15:38:44.676901 [debug] [Thread-1 (]: Began compiling node model.insurance.stg_policies
[0m15:38:44.677879 [debug] [Thread-1 (]: Writing injected SQL for node "model.insurance.stg_policies"
[0m15:38:44.678223 [debug] [Thread-1 (]: Began executing node model.insurance.stg_policies
[0m15:38:44.679776 [debug] [Thread-1 (]: Writing runtime sql for node "model.insurance.stg_policies"
[0m15:38:44.680124 [debug] [Thread-1 (]: Using duckdb connection "model.insurance.stg_policies"
[0m15:38:44.680312 [debug] [Thread-1 (]: On model.insurance.stg_policies: BEGIN
[0m15:38:44.680482 [debug] [Thread-1 (]: Opening a new connection, currently in state closed
[0m15:38:44.680870 [debug] [Thread-1 (]: SQL status: OK in 0.000 seconds
[0m15:38:44.681069 [debug] [Thread-1 (]: Using duckdb connection "model.insurance.stg_policies"
[0m15:38:44.681381 [debug] [Thread-1 (]: On model.insurance.stg_policies: /* {"app": "dbt", "dbt_version": "1.11.11", "profile_name": "insurance", "target_name": "dev", "node_id": "model.insurance.stg_policies"} */

  
    
    

    create  table
      "insurance"."main"."stg_policies__dbt_tmp"
  
    as (
      select
    policy_id,
    policyholder,
    state,
    product_type,
    annual_premium,
    start_date,
    status,

    case
        when annual_premium < 1000 then 'budget'
        when annual_premium < 2500 then 'standard'
        else 'premium'
    end as premium_tier,

    loaded_at
from raw_policies
    );
  
  
[0m15:38:44.683134 [debug] [Thread-1 (]: SQL status: OK in 0.001 seconds
[0m15:38:44.684830 [debug] [Thread-1 (]: Using duckdb connection "model.insurance.stg_policies"
[0m15:38:44.685038 [debug] [Thread-1 (]: On model.insurance.stg_policies: /* {"app": "dbt", "dbt_version": "1.11.11", "profile_name": "insurance", "target_name": "dev", "node_id": "model.insurance.stg_policies"} */
alter table "insurance"."main"."stg_policies__dbt_tmp" rename to "stg_policies"
[0m15:38:44.685413 [debug] [Thread-1 (]: SQL status: OK in 0.000 seconds
[0m15:38:44.686213 [debug] [Thread-1 (]: On model.insurance.stg_policies: COMMIT
[0m15:38:44.686403 [debug] [Thread-1 (]: Using duckdb connection "model.insurance.stg_policies"
[0m15:38:44.686570 [debug] [Thread-1 (]: On model.insurance.stg_policies: COMMIT
[0m15:38:44.687067 [debug] [Thread-1 (]: SQL status: OK in 0.000 seconds
[0m15:38:44.688269 [debug] [Thread-1 (]: Using duckdb connection "model.insurance.stg_policies"
[0m15:38:44.688452 [debug] [Thread-1 (]: On model.insurance.stg_policies: /* {"app": "dbt", "dbt_version": "1.11.11", "profile_name": "insurance", "target_name": "dev", "node_id": "model.insurance.stg_policies"} */

      drop table if exists "insurance"."main"."stg_policies__dbt_backup" cascade
    
[0m15:38:44.688773 [debug] [Thread-1 (]: SQL status: OK in 0.000 seconds
[0m15:38:44.689499 [debug] [Thread-1 (]: On model.insurance.stg_policies: Close
[0m15:38:44.689814 [debug] [Thread-1 (]: Sending event: {'category': 'dbt', 'action': 'run_model', 'label': '2f917659-2e9d-413b-9ca3-08ac3a3a67a0', 'context': [<snowplow_tracker.self_describing_json.SelfDescribingJson object at 0x1056aa030>]}
[0m15:38:44.690151 [info ] [Thread-1 (]: 2 of 2 OK created sql table model main.stg_policies ............................ [[32mOK[0m in 0.01s]
[0m15:38:44.690440 [debug] [Thread-1 (]: Finished running node model.insurance.stg_policies
[0m15:38:44.691033 [debug] [MainThread]: Using duckdb connection "master"
[0m15:38:44.691212 [debug] [MainThread]: On master: BEGIN
[0m15:38:44.691360 [debug] [MainThread]: Opening a new connection, currently in state closed
[0m15:38:44.691685 [debug] [MainThread]: SQL status: OK in 0.000 seconds
[0m15:38:44.691848 [debug] [MainThread]: On master: COMMIT
[0m15:38:44.691998 [debug] [MainThread]: Using duckdb connection "master"
[0m15:38:44.692145 [debug] [MainThread]: On master: COMMIT
[0m15:38:44.692380 [debug] [MainThread]: SQL status: OK in 0.000 seconds
[0m15:38:44.692535 [debug] [MainThread]: On master: Close
[0m15:38:44.692738 [debug] [MainThread]: Connection 'master' was properly closed.
[0m15:38:44.692889 [debug] [MainThread]: Connection 'model.insurance.stg_policies' was properly closed.
[0m15:38:44.693091 [info ] [MainThread]: 
[0m15:38:44.693269 [info ] [MainThread]: Finished running 2 table models in 0 hours 0 minutes and 0.19 seconds (0.19s).
[0m15:38:44.693868 [debug] [MainThread]: Command end result
[0m15:38:44.708435 [debug] [MainThread]: Wrote artifact WritableManifest to /Users/ankita/insurance-platform/transform/target/manifest.json
[0m15:38:44.709642 [debug] [MainThread]: Wrote artifact SemanticManifest to /Users/ankita/insurance-platform/transform/target/semantic_manifest.json
[0m15:38:44.713116 [debug] [MainThread]: Wrote artifact RunExecutionResult to /Users/ankita/insurance-platform/transform/target/run_results.json
[0m15:38:44.713363 [info ] [MainThread]: 
[0m15:38:44.713571 [info ] [MainThread]: [32mCompleted successfully[0m
[0m15:38:44.713738 [info ] [MainThread]: 
[0m15:38:44.713917 [info ] [MainThread]: Done. PASS=2 WARN=0 ERROR=0 SKIP=0 NO-OP=0 TOTAL=2
[0m15:38:44.716282 [debug] [MainThread]: Resource report: {"command_name": "run", "command_success": true, "command_wall_clock_time": 0.7985009, "process_in_blocks": "0", "process_kernel_time": 0.250087, "process_mem_max_rss": "155353088", "process_out_blocks": "0", "process_user_time": 1.303248}
[0m15:38:44.716589 [debug] [MainThread]: Command `dbt run` succeeded at 15:38:44.716538 after 0.80 seconds
[0m15:38:44.716802 [debug] [MainThread]: Sending event: {'category': 'dbt', 'action': 'invocation', 'label': 'end', 'context': [<snowplow_tracker.self_describing_json.SelfDescribingJson object at 0x1006eade0>, <snowplow_tracker.self_describing_json.SelfDescribingJson object at 0x104c877a0>, <snowplow_tracker.self_describing_json.SelfDescribingJson object at 0x1058ed100>]}
[0m15:38:44.717008 [debug] [MainThread]: Flushing usage events
[0m15:38:45.661233 [debug] [MainThread]: An error was encountered while trying to flush usage events
[0m15:43:29.315924 [debug] [MainThread]: Sending event: {'category': 'dbt', 'action': 'invocation', 'label': 'start', 'context': [<snowplow_tracker.self_describing_json.SelfDescribingJson object at 0x112063740>, <snowplow_tracker.self_describing_json.SelfDescribingJson object at 0x1140fa4b0>, <snowplow_tracker.self_describing_json.SelfDescribingJson object at 0x1140fa1e0>]}


============================== 15:43:29.319012 | 25644945-6d36-4ce8-a3c4-8823b1954922 ==============================
[0m15:43:29.319012 [info ] [MainThread]: Running with dbt=1.11.11
[0m15:43:29.319372 [debug] [MainThread]: running dbt with arguments {'log_path': '/Users/ankita/insurance-platform/transform/logs', 'printer_width': '80', 'quiet': 'False', 'empty': 'None', 'write_json': 'True', 'use_colors': 'True', 'invocation_command': 'dbt test --profiles-dir .', 'debug': 'False', 'log_format': 'default', 'warn_error_options': 'WarnErrorOptionsV2(error=[], warn=[], silence=[])', 'profiles_dir': '.', 'send_anonymous_usage_stats': 'True', 'static_parser': 'True', 'version_check': 'True', 'warn_error': 'None', 'no_print': 'None', 'cache_selected_only': 'False', 'target_path': 'None', 'use_experimental_parser': 'False', 'fail_fast': 'False', 'partial_parse': 'True', 'indirect_selection': 'eager', 'introspect': 'True', 'log_cache_events': 'False'}
[0m15:43:29.848987 [debug] [MainThread]: Sending event: {'category': 'dbt', 'action': 'project_id', 'label': '25644945-6d36-4ce8-a3c4-8823b1954922', 'context': [<snowplow_tracker.self_describing_json.SelfDescribingJson object at 0x112763b60>]}
[0m15:43:29.880699 [debug] [MainThread]: Sending event: {'category': 'dbt', 'action': 'adapter_info', 'label': '25644945-6d36-4ce8-a3c4-8823b1954922', 'context': [<snowplow_tracker.self_describing_json.SelfDescribingJson object at 0x113ecb470>]}
[0m15:43:29.882178 [info ] [MainThread]: Registered adapter: duckdb=1.10.1
[0m15:43:30.744767 [debug] [MainThread]: checksum: 30a8cc8fdcbf66701b0944d4ccce3fa46dd04b61e5df68b9f16d57b2e0e3f0be, vars: {}, profile: , target: , version: 1.11.11
[0m15:43:30.802482 [debug] [MainThread]: Partial parsing enabled: 0 files deleted, 1 files added, 0 files changed.
[0m15:43:30.802923 [debug] [MainThread]: Partial parsing: added file: insurance://models/schema.yml
[0m15:43:30.892843 [warn ] [MainThread]: [[33mWARNING[0m][MissingArgumentsPropertyInGenericTestDeprecation]: Deprecated
functionality
Found top-level arguments to test `accepted_values` defined on 'stg_claims' in
package 'insurance' (models/schema.yml). Arguments to generic tests should be
nested under the `arguments` property.
[0m15:43:30.893282 [debug] [MainThread]: Sending event: {'category': 'dbt', 'action': 'deprecation', 'label': '25644945-6d36-4ce8-a3c4-8823b1954922', 'property_': 'warn', 'context': [<snowplow_tracker.self_describing_json.SelfDescribingJson object at 0x1149efec0>]}
[0m15:43:30.945389 [debug] [MainThread]: Sending event: {'category': 'dbt', 'action': 'load_project', 'label': '25644945-6d36-4ce8-a3c4-8823b1954922', 'context': [<snowplow_tracker.self_describing_json.SelfDescribingJson object at 0x114a1bda0>]}
[0m15:43:31.022450 [debug] [MainThread]: Wrote artifact WritableManifest to /Users/ankita/insurance-platform/transform/target/manifest.json
[0m15:43:31.024171 [debug] [MainThread]: Wrote artifact SemanticManifest to /Users/ankita/insurance-platform/transform/target/semantic_manifest.json
[0m15:43:31.037433 [debug] [MainThread]: Sending event: {'category': 'dbt', 'action': 'resource_counts', 'label': '25644945-6d36-4ce8-a3c4-8823b1954922', 'context': [<snowplow_tracker.self_describing_json.SelfDescribingJson object at 0x114a2b980>]}
[0m15:43:31.037760 [info ] [MainThread]: Found 2 models, 7 data tests, 485 macros
[0m15:43:31.037962 [debug] [MainThread]: Sending event: {'category': 'dbt', 'action': 'runnable_timing', 'label': '25644945-6d36-4ce8-a3c4-8823b1954922', 'context': [<snowplow_tracker.self_describing_json.SelfDescribingJson object at 0x114b719d0>]}
[0m15:43:31.039055 [info ] [MainThread]: 
[0m15:43:31.039267 [info ] [MainThread]: Concurrency: 1 threads (target='dev')
[0m15:43:31.039425 [info ] [MainThread]: 
[0m15:43:31.039696 [debug] [MainThread]: Acquiring new duckdb connection 'master'
[0m15:43:31.042054 [debug] [ThreadPool]: Acquiring new duckdb connection 'list_insurance_main'
[0m15:43:31.078877 [debug] [ThreadPool]: Using duckdb connection "list_insurance_main"
[0m15:43:31.079187 [debug] [ThreadPool]: On list_insurance_main: BEGIN
[0m15:43:31.079363 [debug] [ThreadPool]: Opening a new connection, currently in state init
[0m15:43:31.088650 [debug] [ThreadPool]: SQL status: OK in 0.009 seconds
[0m15:43:31.088925 [debug] [ThreadPool]: Using duckdb connection "list_insurance_main"
[0m15:43:31.089110 [debug] [ThreadPool]: On list_insurance_main: /* {"app": "dbt", "dbt_version": "1.11.11", "profile_name": "insurance", "target_name": "dev", "connection_name": "list_insurance_main"} */
select
      'insurance' as database,
      table_name as name,
      table_schema as schema,
      CASE table_type
        WHEN 'BASE TABLE' THEN 'table'
        WHEN 'VIEW' THEN 'view'
        WHEN 'LOCAL TEMPORARY' THEN 'table'
        END as type
    from system.information_schema.tables
    where lower(table_schema) = 'main'
    and lower(table_catalog) = 'insurance'
  
[0m15:43:31.091824 [debug] [ThreadPool]: SQL status: OK in 0.003 seconds
[0m15:43:31.092680 [debug] [ThreadPool]: On list_insurance_main: ROLLBACK
[0m15:43:31.093689 [debug] [ThreadPool]: Failed to rollback 'list_insurance_main'
[0m15:43:31.093912 [debug] [ThreadPool]: On list_insurance_main: Close
[0m15:43:31.094678 [debug] [MainThread]: Sending event: {'category': 'dbt', 'action': 'runnable_timing', 'label': '25644945-6d36-4ce8-a3c4-8823b1954922', 'context': [<snowplow_tracker.self_describing_json.SelfDescribingJson object at 0x114a8d0a0>]}
[0m15:43:31.094961 [debug] [MainThread]: Using duckdb connection "master"
[0m15:43:31.095127 [debug] [MainThread]: On master: BEGIN
[0m15:43:31.095284 [debug] [MainThread]: Opening a new connection, currently in state init
[0m15:43:31.095656 [debug] [MainThread]: SQL status: OK in 0.000 seconds
[0m15:43:31.095852 [debug] [MainThread]: On master: COMMIT
[0m15:43:31.096022 [debug] [MainThread]: Using duckdb connection "master"
[0m15:43:31.096168 [debug] [MainThread]: On master: COMMIT
[0m15:43:31.096398 [debug] [MainThread]: SQL status: OK in 0.000 seconds
[0m15:43:31.096555 [debug] [MainThread]: On master: Close
[0m15:43:31.097915 [debug] [Thread-1 (]: Began running node test.insurance.accepted_values_stg_claims_severity_band__small__medium__large__catastrophic.9f62a3f440
[0m15:43:31.098171 [info ] [Thread-1 (]: 1 of 7 START test accepted_values_stg_claims_severity_band__small__medium__large__catastrophic  [RUN]
[0m15:43:31.098417 [debug] [Thread-1 (]: Re-using an available connection from the pool (formerly list_insurance_main, now test.insurance.accepted_values_stg_claims_severity_band__small__medium__large__catastrophic.9f62a3f440)
[0m15:43:31.098619 [debug] [Thread-1 (]: Began compiling node test.insurance.accepted_values_stg_claims_severity_band__small__medium__large__catastrophic.9f62a3f440
[0m15:43:31.103794 [debug] [Thread-1 (]: Writing injected SQL for node "test.insurance.accepted_values_stg_claims_severity_band__small__medium__large__catastrophic.9f62a3f440"
[0m15:43:31.104469 [debug] [Thread-1 (]: Began executing node test.insurance.accepted_values_stg_claims_severity_band__small__medium__large__catastrophic.9f62a3f440
[0m15:43:31.115624 [debug] [Thread-1 (]: Writing runtime sql for node "test.insurance.accepted_values_stg_claims_severity_band__small__medium__large__catastrophic.9f62a3f440"
[0m15:43:31.116250 [debug] [Thread-1 (]: Using duckdb connection "test.insurance.accepted_values_stg_claims_severity_band__small__medium__large__catastrophic.9f62a3f440"
[0m15:43:31.116468 [debug] [Thread-1 (]: On test.insurance.accepted_values_stg_claims_severity_band__small__medium__large__catastrophic.9f62a3f440: BEGIN
[0m15:43:31.116653 [debug] [Thread-1 (]: Opening a new connection, currently in state closed
[0m15:43:31.117056 [debug] [Thread-1 (]: SQL status: OK in 0.000 seconds
[0m15:43:31.117240 [debug] [Thread-1 (]: Using duckdb connection "test.insurance.accepted_values_stg_claims_severity_band__small__medium__large__catastrophic.9f62a3f440"
[0m15:43:31.117434 [debug] [Thread-1 (]: On test.insurance.accepted_values_stg_claims_severity_band__small__medium__large__catastrophic.9f62a3f440: /* {"app": "dbt", "dbt_version": "1.11.11", "profile_name": "insurance", "target_name": "dev", "node_id": "test.insurance.accepted_values_stg_claims_severity_band__small__medium__large__catastrophic.9f62a3f440"} */

    
    select
      count(*) as failures,
      count(*) != 0 as should_warn,
      count(*) != 0 as should_error
    from (
      
    
  
    
    

with all_values as (

    select
        severity_band as value_field,
        count(*) as n_records

    from "insurance"."main"."stg_claims"
    group by severity_band

)

select *
from all_values
where value_field not in (
    'small','medium','large','catastrophic'
)



  
  
      
    ) dbt_internal_test
[0m15:43:31.118940 [debug] [Thread-1 (]: SQL status: OK in 0.001 seconds
[0m15:43:31.121401 [debug] [Thread-1 (]: On test.insurance.accepted_values_stg_claims_severity_band__small__medium__large__catastrophic.9f62a3f440: ROLLBACK
[0m15:43:31.121984 [debug] [Thread-1 (]: Failed to rollback 'test.insurance.accepted_values_stg_claims_severity_band__small__medium__large__catastrophic.9f62a3f440'
[0m15:43:31.122195 [debug] [Thread-1 (]: On test.insurance.accepted_values_stg_claims_severity_band__small__medium__large__catastrophic.9f62a3f440: Close
[0m15:43:31.122529 [info ] [Thread-1 (]: 1 of 7 PASS accepted_values_stg_claims_severity_band__small__medium__large__catastrophic  [[32mPASS[0m in 0.02s]
[0m15:43:31.122828 [debug] [Thread-1 (]: Finished running node test.insurance.accepted_values_stg_claims_severity_band__small__medium__large__catastrophic.9f62a3f440
[0m15:43:31.123045 [debug] [Thread-1 (]: Began running node test.insurance.accepted_values_stg_claims_status__approved__pending__denied.518de2861f
[0m15:43:31.123288 [info ] [Thread-1 (]: 2 of 7 START test accepted_values_stg_claims_status__approved__pending__denied . [RUN]
[0m15:43:31.123539 [debug] [Thread-1 (]: Re-using an available connection from the pool (formerly test.insurance.accepted_values_stg_claims_severity_band__small__medium__large__catastrophic.9f62a3f440, now test.insurance.accepted_values_stg_claims_status__approved__pending__denied.518de2861f)
[0m15:43:31.123735 [debug] [Thread-1 (]: Began compiling node test.insurance.accepted_values_stg_claims_status__approved__pending__denied.518de2861f
[0m15:43:31.125889 [debug] [Thread-1 (]: Writing injected SQL for node "test.insurance.accepted_values_stg_claims_status__approved__pending__denied.518de2861f"
[0m15:43:31.126308 [debug] [Thread-1 (]: Began executing node test.insurance.accepted_values_stg_claims_status__approved__pending__denied.518de2861f
[0m15:43:31.127758 [debug] [Thread-1 (]: Writing runtime sql for node "test.insurance.accepted_values_stg_claims_status__approved__pending__denied.518de2861f"
[0m15:43:31.128316 [debug] [Thread-1 (]: Using duckdb connection "test.insurance.accepted_values_stg_claims_status__approved__pending__denied.518de2861f"
[0m15:43:31.128522 [debug] [Thread-1 (]: On test.insurance.accepted_values_stg_claims_status__approved__pending__denied.518de2861f: BEGIN
[0m15:43:31.128694 [debug] [Thread-1 (]: Opening a new connection, currently in state closed
[0m15:43:31.129066 [debug] [Thread-1 (]: SQL status: OK in 0.000 seconds
[0m15:43:31.129333 [debug] [Thread-1 (]: Using duckdb connection "test.insurance.accepted_values_stg_claims_status__approved__pending__denied.518de2861f"
[0m15:43:31.129593 [debug] [Thread-1 (]: On test.insurance.accepted_values_stg_claims_status__approved__pending__denied.518de2861f: /* {"app": "dbt", "dbt_version": "1.11.11", "profile_name": "insurance", "target_name": "dev", "node_id": "test.insurance.accepted_values_stg_claims_status__approved__pending__denied.518de2861f"} */

    
    select
      count(*) as failures,
      count(*) != 0 as should_warn,
      count(*) != 0 as should_error
    from (
      
    
  
    
    

with all_values as (

    select
        status as value_field,
        count(*) as n_records

    from "insurance"."main"."stg_claims"
    group by status

)

select *
from all_values
where value_field not in (
    'approved','pending','denied'
)



  
  
      
    ) dbt_internal_test
[0m15:43:31.130391 [debug] [Thread-1 (]: SQL status: OK in 0.001 seconds
[0m15:43:31.132187 [debug] [Thread-1 (]: On test.insurance.accepted_values_stg_claims_status__approved__pending__denied.518de2861f: ROLLBACK
[0m15:43:31.132733 [debug] [Thread-1 (]: Failed to rollback 'test.insurance.accepted_values_stg_claims_status__approved__pending__denied.518de2861f'
[0m15:43:31.132941 [debug] [Thread-1 (]: On test.insurance.accepted_values_stg_claims_status__approved__pending__denied.518de2861f: Close
[0m15:43:31.133262 [info ] [Thread-1 (]: 2 of 7 PASS accepted_values_stg_claims_status__approved__pending__denied ....... [[32mPASS[0m in 0.01s]
[0m15:43:31.133553 [debug] [Thread-1 (]: Finished running node test.insurance.accepted_values_stg_claims_status__approved__pending__denied.518de2861f
[0m15:43:31.133764 [debug] [Thread-1 (]: Began running node test.insurance.accepted_values_stg_policies_premium_tier__budget__standard__premium.d0db977ff0
[0m15:43:31.133996 [info ] [Thread-1 (]: 3 of 7 START test accepted_values_stg_policies_premium_tier__budget__standard__premium  [RUN]
[0m15:43:31.134226 [debug] [Thread-1 (]: Re-using an available connection from the pool (formerly test.insurance.accepted_values_stg_claims_status__approved__pending__denied.518de2861f, now test.insurance.accepted_values_stg_policies_premium_tier__budget__standard__premium.d0db977ff0)
[0m15:43:31.134423 [debug] [Thread-1 (]: Began compiling node test.insurance.accepted_values_stg_policies_premium_tier__budget__standard__premium.d0db977ff0
[0m15:43:31.136711 [debug] [Thread-1 (]: Writing injected SQL for node "test.insurance.accepted_values_stg_policies_premium_tier__budget__standard__premium.d0db977ff0"
[0m15:43:31.137167 [debug] [Thread-1 (]: Began executing node test.insurance.accepted_values_stg_policies_premium_tier__budget__standard__premium.d0db977ff0
[0m15:43:31.138409 [debug] [Thread-1 (]: Writing runtime sql for node "test.insurance.accepted_values_stg_policies_premium_tier__budget__standard__premium.d0db977ff0"
[0m15:43:31.138939 [debug] [Thread-1 (]: Using duckdb connection "test.insurance.accepted_values_stg_policies_premium_tier__budget__standard__premium.d0db977ff0"
[0m15:43:31.139187 [debug] [Thread-1 (]: On test.insurance.accepted_values_stg_policies_premium_tier__budget__standard__premium.d0db977ff0: BEGIN
[0m15:43:31.139386 [debug] [Thread-1 (]: Opening a new connection, currently in state closed
[0m15:43:31.139775 [debug] [Thread-1 (]: SQL status: OK in 0.000 seconds
[0m15:43:31.139963 [debug] [Thread-1 (]: Using duckdb connection "test.insurance.accepted_values_stg_policies_premium_tier__budget__standard__premium.d0db977ff0"
[0m15:43:31.140159 [debug] [Thread-1 (]: On test.insurance.accepted_values_stg_policies_premium_tier__budget__standard__premium.d0db977ff0: /* {"app": "dbt", "dbt_version": "1.11.11", "profile_name": "insurance", "target_name": "dev", "node_id": "test.insurance.accepted_values_stg_policies_premium_tier__budget__standard__premium.d0db977ff0"} */

    
    select
      count(*) as failures,
      count(*) != 0 as should_warn,
      count(*) != 0 as should_error
    from (
      
    
  
    
    

with all_values as (

    select
        premium_tier as value_field,
        count(*) as n_records

    from "insurance"."main"."stg_policies"
    group by premium_tier

)

select *
from all_values
where value_field not in (
    'budget','standard','premium'
)



  
  
      
    ) dbt_internal_test
[0m15:43:31.141189 [debug] [Thread-1 (]: SQL status: OK in 0.001 seconds
[0m15:43:31.142039 [debug] [Thread-1 (]: On test.insurance.accepted_values_stg_policies_premium_tier__budget__standard__premium.d0db977ff0: ROLLBACK
[0m15:43:31.142552 [debug] [Thread-1 (]: Failed to rollback 'test.insurance.accepted_values_stg_policies_premium_tier__budget__standard__premium.d0db977ff0'
[0m15:43:31.142739 [debug] [Thread-1 (]: On test.insurance.accepted_values_stg_policies_premium_tier__budget__standard__premium.d0db977ff0: Close
[0m15:43:31.143034 [info ] [Thread-1 (]: 3 of 7 PASS accepted_values_stg_policies_premium_tier__budget__standard__premium  [[32mPASS[0m in 0.01s]
[0m15:43:31.143313 [debug] [Thread-1 (]: Finished running node test.insurance.accepted_values_stg_policies_premium_tier__budget__standard__premium.d0db977ff0
[0m15:43:31.143517 [debug] [Thread-1 (]: Began running node test.insurance.not_null_stg_claims_claim_id.f8032ece86
[0m15:43:31.143720 [info ] [Thread-1 (]: 4 of 7 START test not_null_stg_claims_claim_id ................................. [RUN]
[0m15:43:31.143978 [debug] [Thread-1 (]: Re-using an available connection from the pool (formerly test.insurance.accepted_values_stg_policies_premium_tier__budget__standard__premium.d0db977ff0, now test.insurance.not_null_stg_claims_claim_id.f8032ece86)
[0m15:43:31.144290 [debug] [Thread-1 (]: Began compiling node test.insurance.not_null_stg_claims_claim_id.f8032ece86
[0m15:43:31.148319 [debug] [Thread-1 (]: Writing injected SQL for node "test.insurance.not_null_stg_claims_claim_id.f8032ece86"
[0m15:43:31.148934 [debug] [Thread-1 (]: Began executing node test.insurance.not_null_stg_claims_claim_id.f8032ece86
[0m15:43:31.150278 [debug] [Thread-1 (]: Writing runtime sql for node "test.insurance.not_null_stg_claims_claim_id.f8032ece86"
[0m15:43:31.150634 [debug] [Thread-1 (]: Using duckdb connection "test.insurance.not_null_stg_claims_claim_id.f8032ece86"
[0m15:43:31.150826 [debug] [Thread-1 (]: On test.insurance.not_null_stg_claims_claim_id.f8032ece86: BEGIN
[0m15:43:31.150996 [debug] [Thread-1 (]: Opening a new connection, currently in state closed
[0m15:43:31.151370 [debug] [Thread-1 (]: SQL status: OK in 0.000 seconds
[0m15:43:31.151547 [debug] [Thread-1 (]: Using duckdb connection "test.insurance.not_null_stg_claims_claim_id.f8032ece86"
[0m15:43:31.151726 [debug] [Thread-1 (]: On test.insurance.not_null_stg_claims_claim_id.f8032ece86: /* {"app": "dbt", "dbt_version": "1.11.11", "profile_name": "insurance", "target_name": "dev", "node_id": "test.insurance.not_null_stg_claims_claim_id.f8032ece86"} */

    
    select
      count(*) as failures,
      count(*) != 0 as should_warn,
      count(*) != 0 as should_error
    from (
      
    
  
    
    



select claim_id
from "insurance"."main"."stg_claims"
where claim_id is null



  
  
      
    ) dbt_internal_test
[0m15:43:31.152289 [debug] [Thread-1 (]: SQL status: OK in 0.000 seconds
[0m15:43:31.153125 [debug] [Thread-1 (]: On test.insurance.not_null_stg_claims_claim_id.f8032ece86: ROLLBACK
[0m15:43:31.153670 [debug] [Thread-1 (]: Failed to rollback 'test.insurance.not_null_stg_claims_claim_id.f8032ece86'
[0m15:43:31.153865 [debug] [Thread-1 (]: On test.insurance.not_null_stg_claims_claim_id.f8032ece86: Close
[0m15:43:31.154164 [info ] [Thread-1 (]: 4 of 7 PASS not_null_stg_claims_claim_id ....................................... [[32mPASS[0m in 0.01s]
[0m15:43:31.154434 [debug] [Thread-1 (]: Finished running node test.insurance.not_null_stg_claims_claim_id.f8032ece86
[0m15:43:31.154637 [debug] [Thread-1 (]: Began running node test.insurance.not_null_stg_policies_policy_id.83c6a6a32c
[0m15:43:31.154866 [info ] [Thread-1 (]: 5 of 7 START test not_null_stg_policies_policy_id .............................. [RUN]
[0m15:43:31.155103 [debug] [Thread-1 (]: Re-using an available connection from the pool (formerly test.insurance.not_null_stg_claims_claim_id.f8032ece86, now test.insurance.not_null_stg_policies_policy_id.83c6a6a32c)
[0m15:43:31.155289 [debug] [Thread-1 (]: Began compiling node test.insurance.not_null_stg_policies_policy_id.83c6a6a32c
[0m15:43:31.157374 [debug] [Thread-1 (]: Writing injected SQL for node "test.insurance.not_null_stg_policies_policy_id.83c6a6a32c"
[0m15:43:31.157743 [debug] [Thread-1 (]: Began executing node test.insurance.not_null_stg_policies_policy_id.83c6a6a32c
[0m15:43:31.158941 [debug] [Thread-1 (]: Writing runtime sql for node "test.insurance.not_null_stg_policies_policy_id.83c6a6a32c"
[0m15:43:31.159270 [debug] [Thread-1 (]: Using duckdb connection "test.insurance.not_null_stg_policies_policy_id.83c6a6a32c"
[0m15:43:31.159443 [debug] [Thread-1 (]: On test.insurance.not_null_stg_policies_policy_id.83c6a6a32c: BEGIN
[0m15:43:31.159671 [debug] [Thread-1 (]: Opening a new connection, currently in state closed
[0m15:43:31.160328 [debug] [Thread-1 (]: SQL status: OK in 0.001 seconds
[0m15:43:31.160581 [debug] [Thread-1 (]: Using duckdb connection "test.insurance.not_null_stg_policies_policy_id.83c6a6a32c"
[0m15:43:31.160796 [debug] [Thread-1 (]: On test.insurance.not_null_stg_policies_policy_id.83c6a6a32c: /* {"app": "dbt", "dbt_version": "1.11.11", "profile_name": "insurance", "target_name": "dev", "node_id": "test.insurance.not_null_stg_policies_policy_id.83c6a6a32c"} */

    
    select
      count(*) as failures,
      count(*) != 0 as should_warn,
      count(*) != 0 as should_error
    from (
      
    
  
    
    



select policy_id
from "insurance"."main"."stg_policies"
where policy_id is null



  
  
      
    ) dbt_internal_test
[0m15:43:31.161432 [debug] [Thread-1 (]: SQL status: OK in 0.000 seconds
[0m15:43:31.162701 [debug] [Thread-1 (]: On test.insurance.not_null_stg_policies_policy_id.83c6a6a32c: ROLLBACK
[0m15:43:31.163369 [debug] [Thread-1 (]: Failed to rollback 'test.insurance.not_null_stg_policies_policy_id.83c6a6a32c'
[0m15:43:31.163574 [debug] [Thread-1 (]: On test.insurance.not_null_stg_policies_policy_id.83c6a6a32c: Close
[0m15:43:31.163909 [info ] [Thread-1 (]: 5 of 7 PASS not_null_stg_policies_policy_id .................................... [[32mPASS[0m in 0.01s]
[0m15:43:31.164188 [debug] [Thread-1 (]: Finished running node test.insurance.not_null_stg_policies_policy_id.83c6a6a32c
[0m15:43:31.164391 [debug] [Thread-1 (]: Began running node test.insurance.unique_stg_claims_claim_id.0e20e780e5
[0m15:43:31.164598 [info ] [Thread-1 (]: 6 of 7 START test unique_stg_claims_claim_id ................................... [RUN]
[0m15:43:31.164804 [debug] [Thread-1 (]: Re-using an available connection from the pool (formerly test.insurance.not_null_stg_policies_policy_id.83c6a6a32c, now test.insurance.unique_stg_claims_claim_id.0e20e780e5)
[0m15:43:31.164981 [debug] [Thread-1 (]: Began compiling node test.insurance.unique_stg_claims_claim_id.0e20e780e5
[0m15:43:31.168231 [debug] [Thread-1 (]: Writing injected SQL for node "test.insurance.unique_stg_claims_claim_id.0e20e780e5"
[0m15:43:31.168672 [debug] [Thread-1 (]: Began executing node test.insurance.unique_stg_claims_claim_id.0e20e780e5
[0m15:43:31.169999 [debug] [Thread-1 (]: Writing runtime sql for node "test.insurance.unique_stg_claims_claim_id.0e20e780e5"
[0m15:43:31.170528 [debug] [Thread-1 (]: Using duckdb connection "test.insurance.unique_stg_claims_claim_id.0e20e780e5"
[0m15:43:31.170751 [debug] [Thread-1 (]: On test.insurance.unique_stg_claims_claim_id.0e20e780e5: BEGIN
[0m15:43:31.170929 [debug] [Thread-1 (]: Opening a new connection, currently in state closed
[0m15:43:31.171303 [debug] [Thread-1 (]: SQL status: OK in 0.000 seconds
[0m15:43:31.171479 [debug] [Thread-1 (]: Using duckdb connection "test.insurance.unique_stg_claims_claim_id.0e20e780e5"
[0m15:43:31.171665 [debug] [Thread-1 (]: On test.insurance.unique_stg_claims_claim_id.0e20e780e5: /* {"app": "dbt", "dbt_version": "1.11.11", "profile_name": "insurance", "target_name": "dev", "node_id": "test.insurance.unique_stg_claims_claim_id.0e20e780e5"} */

    
    select
      count(*) as failures,
      count(*) != 0 as should_warn,
      count(*) != 0 as should_error
    from (
      
    
  
    
    

select
    claim_id as unique_field,
    count(*) as n_records

from "insurance"."main"."stg_claims"
where claim_id is not null
group by claim_id
having count(*) > 1



  
  
      
    ) dbt_internal_test
[0m15:43:31.172727 [debug] [Thread-1 (]: SQL status: OK in 0.001 seconds
[0m15:43:31.173602 [debug] [Thread-1 (]: On test.insurance.unique_stg_claims_claim_id.0e20e780e5: ROLLBACK
[0m15:43:31.174132 [debug] [Thread-1 (]: Failed to rollback 'test.insurance.unique_stg_claims_claim_id.0e20e780e5'
[0m15:43:31.174324 [debug] [Thread-1 (]: On test.insurance.unique_stg_claims_claim_id.0e20e780e5: Close
[0m15:43:31.174628 [info ] [Thread-1 (]: 6 of 7 PASS unique_stg_claims_claim_id ......................................... [[32mPASS[0m in 0.01s]
[0m15:43:31.174904 [debug] [Thread-1 (]: Finished running node test.insurance.unique_stg_claims_claim_id.0e20e780e5
[0m15:43:31.175109 [debug] [Thread-1 (]: Began running node test.insurance.unique_stg_policies_policy_id.cb33dd12e6
[0m15:43:31.175297 [info ] [Thread-1 (]: 7 of 7 START test unique_stg_policies_policy_id ................................ [RUN]
[0m15:43:31.175545 [debug] [Thread-1 (]: Re-using an available connection from the pool (formerly test.insurance.unique_stg_claims_claim_id.0e20e780e5, now test.insurance.unique_stg_policies_policy_id.cb33dd12e6)
[0m15:43:31.175727 [debug] [Thread-1 (]: Began compiling node test.insurance.unique_stg_policies_policy_id.cb33dd12e6
[0m15:43:31.178045 [debug] [Thread-1 (]: Writing injected SQL for node "test.insurance.unique_stg_policies_policy_id.cb33dd12e6"
[0m15:43:31.178517 [debug] [Thread-1 (]: Began executing node test.insurance.unique_stg_policies_policy_id.cb33dd12e6
[0m15:43:31.179880 [debug] [Thread-1 (]: Writing runtime sql for node "test.insurance.unique_stg_policies_policy_id.cb33dd12e6"
[0m15:43:31.181018 [debug] [Thread-1 (]: Using duckdb connection "test.insurance.unique_stg_policies_policy_id.cb33dd12e6"
[0m15:43:31.182412 [debug] [Thread-1 (]: On test.insurance.unique_stg_policies_policy_id.cb33dd12e6: BEGIN
[0m15:43:31.182655 [debug] [Thread-1 (]: Opening a new connection, currently in state closed
[0m15:43:31.183118 [debug] [Thread-1 (]: SQL status: OK in 0.000 seconds
[0m15:43:31.183312 [debug] [Thread-1 (]: Using duckdb connection "test.insurance.unique_stg_policies_policy_id.cb33dd12e6"
[0m15:43:31.183504 [debug] [Thread-1 (]: On test.insurance.unique_stg_policies_policy_id.cb33dd12e6: /* {"app": "dbt", "dbt_version": "1.11.11", "profile_name": "insurance", "target_name": "dev", "node_id": "test.insurance.unique_stg_policies_policy_id.cb33dd12e6"} */

    
    select
      count(*) as failures,
      count(*) != 0 as should_warn,
      count(*) != 0 as should_error
    from (
      
    
  
    
    

select
    policy_id as unique_field,
    count(*) as n_records

from "insurance"."main"."stg_policies"
where policy_id is not null
group by policy_id
having count(*) > 1



  
  
      
    ) dbt_internal_test
[0m15:43:31.184420 [debug] [Thread-1 (]: SQL status: OK in 0.001 seconds
[0m15:43:31.185392 [debug] [Thread-1 (]: On test.insurance.unique_stg_policies_policy_id.cb33dd12e6: ROLLBACK
[0m15:43:31.185940 [debug] [Thread-1 (]: Failed to rollback 'test.insurance.unique_stg_policies_policy_id.cb33dd12e6'
[0m15:43:31.186132 [debug] [Thread-1 (]: On test.insurance.unique_stg_policies_policy_id.cb33dd12e6: Close
[0m15:43:31.186447 [info ] [Thread-1 (]: 7 of 7 PASS unique_stg_policies_policy_id ...................................... [[32mPASS[0m in 0.01s]
[0m15:43:31.186726 [debug] [Thread-1 (]: Finished running node test.insurance.unique_stg_policies_policy_id.cb33dd12e6
[0m15:43:31.187301 [debug] [MainThread]: Using duckdb connection "master"
[0m15:43:31.187483 [debug] [MainThread]: On master: BEGIN
[0m15:43:31.187641 [debug] [MainThread]: Opening a new connection, currently in state closed
[0m15:43:31.188027 [debug] [MainThread]: SQL status: OK in 0.000 seconds
[0m15:43:31.188211 [debug] [MainThread]: On master: COMMIT
[0m15:43:31.188391 [debug] [MainThread]: Using duckdb connection "master"
[0m15:43:31.188543 [debug] [MainThread]: On master: COMMIT
[0m15:43:31.188790 [debug] [MainThread]: SQL status: OK in 0.000 seconds
[0m15:43:31.188978 [debug] [MainThread]: On master: Close
[0m15:43:31.189211 [debug] [MainThread]: Connection 'master' was properly closed.
[0m15:43:31.189365 [debug] [MainThread]: Connection 'test.insurance.unique_stg_policies_policy_id.cb33dd12e6' was properly closed.
[0m15:43:31.189550 [info ] [MainThread]: 
[0m15:43:31.189740 [info ] [MainThread]: Finished running 7 data tests in 0 hours 0 minutes and 0.15 seconds (0.15s).
[0m15:43:31.190404 [debug] [MainThread]: Command end result
[0m15:43:31.206928 [debug] [MainThread]: Wrote artifact WritableManifest to /Users/ankita/insurance-platform/transform/target/manifest.json
[0m15:43:31.208096 [debug] [MainThread]: Wrote artifact SemanticManifest to /Users/ankita/insurance-platform/transform/target/semantic_manifest.json
[0m15:43:31.211883 [debug] [MainThread]: Wrote artifact RunExecutionResult to /Users/ankita/insurance-platform/transform/target/run_results.json
[0m15:43:31.212153 [info ] [MainThread]: 
[0m15:43:31.212362 [info ] [MainThread]: [32mCompleted successfully[0m
[0m15:43:31.212531 [info ] [MainThread]: 
[0m15:43:31.212710 [info ] [MainThread]: Done. PASS=7 WARN=0 ERROR=0 SKIP=0 NO-OP=0 TOTAL=7
[0m15:43:31.213032 [warn ] [MainThread]: [[33mWARNING[0m][DeprecationsSummary]: Deprecated functionality
Summary of encountered deprecations:
- MissingArgumentsPropertyInGenericTestDeprecation: 3 occurrences
To see all deprecation instances instead of just the first occurrence of each,
run command again with the `--show-all-deprecations` flag. You may also need to
run with `--no-partial-parse` as some deprecations are only encountered during
parsing.
[0m15:43:33.253188 [debug] [MainThread]: Resource report: {"command_name": "test", "command_success": true, "command_wall_clock_time": 3.982761, "process_in_blocks": "0", "process_kernel_time": 0.286619, "process_mem_max_rss": "157646848", "process_out_blocks": "0", "process_user_time": 1.439257}
[0m15:43:33.255064 [debug] [MainThread]: Command `dbt test` succeeded at 15:43:33.254651 after 3.99 seconds
[0m15:43:33.256077 [debug] [MainThread]: Sending event: {'category': 'dbt', 'action': 'invocation', 'label': 'end', 'context': [<snowplow_tracker.self_describing_json.SelfDescribingJson object at 0x114037170>, <snowplow_tracker.self_describing_json.SelfDescribingJson object at 0x1140fa120>, <snowplow_tracker.self_describing_json.SelfDescribingJson object at 0x1140fa390>]}
[0m15:43:33.256873 [debug] [MainThread]: Flushing usage events
[0m15:43:34.915762 [debug] [MainThread]: An error was encountered while trying to flush usage events
[0m14:25:25.021710 [debug] [MainThread]: Sending event: {'category': 'dbt', 'action': 'invocation', 'label': 'start', 'context': [<snowplow_tracker.self_describing_json.SelfDescribingJson object at 0x105c4b8f0>, <snowplow_tracker.self_describing_json.SelfDescribingJson object at 0x106e0e5d0>, <snowplow_tracker.self_describing_json.SelfDescribingJson object at 0x106e0e300>]}


============================== 14:25:25.024907 | f222fc5b-cbbb-4723-91a4-ddb36ad0968a ==============================
[0m14:25:25.024907 [info ] [MainThread]: Running with dbt=1.11.11
[0m14:25:25.025268 [debug] [MainThread]: running dbt with arguments {'empty': 'False', 'log_cache_events': 'False', 'printer_width': '80', 'warn_error': 'None', 'indirect_selection': 'eager', 'fail_fast': 'False', 'target_path': 'None', 'debug': 'False', 'invocation_command': 'dbt run --select dim_policy --profiles-dir .', 'quiet': 'False', 'log_path': '/Users/ankita/insurance-platform/transform/logs', 'use_experimental_parser': 'False', 'send_anonymous_usage_stats': 'True', 'log_format': 'default', 'introspect': 'True', 'partial_parse': 'True', 'warn_error_options': 'WarnErrorOptionsV2(error=[], warn=[], silence=[])', 'cache_selected_only': 'False', 'profiles_dir': '.', 'version_check': 'True', 'use_colors': 'True', 'static_parser': 'True', 'no_print': 'None', 'write_json': 'True'}
[0m14:25:25.240395 [debug] [MainThread]: Sending event: {'category': 'dbt', 'action': 'project_id', 'label': 'f222fc5b-cbbb-4723-91a4-ddb36ad0968a', 'context': [<snowplow_tracker.self_describing_json.SelfDescribingJson object at 0x106f11700>]}
[0m14:25:25.271212 [debug] [MainThread]: Sending event: {'category': 'dbt', 'action': 'adapter_info', 'label': 'f222fc5b-cbbb-4723-91a4-ddb36ad0968a', 'context': [<snowplow_tracker.self_describing_json.SelfDescribingJson object at 0x1044a7020>]}
[0m14:25:25.272672 [info ] [MainThread]: Registered adapter: duckdb=1.10.1
[0m14:25:25.335551 [debug] [MainThread]: checksum: 30a8cc8fdcbf66701b0944d4ccce3fa46dd04b61e5df68b9f16d57b2e0e3f0be, vars: {}, profile: , target: , version: 1.11.11
[0m14:25:25.402166 [debug] [MainThread]: Partial parsing enabled: 0 files deleted, 1 files added, 0 files changed.
[0m14:25:25.402519 [debug] [MainThread]: Partial parsing: added file: insurance://models/marts/dim_policy.sql
[0m14:25:25.528962 [debug] [MainThread]: Sending event: {'category': 'dbt', 'action': 'load_project', 'label': 'f222fc5b-cbbb-4723-91a4-ddb36ad0968a', 'context': [<snowplow_tracker.self_describing_json.SelfDescribingJson object at 0x10760eed0>]}
[0m14:25:25.567595 [debug] [MainThread]: Wrote artifact WritableManifest to /Users/ankita/insurance-platform/transform/target/manifest.json
[0m14:25:25.569841 [debug] [MainThread]: Wrote artifact SemanticManifest to /Users/ankita/insurance-platform/transform/target/semantic_manifest.json
[0m14:25:25.610162 [debug] [MainThread]: Sending event: {'category': 'dbt', 'action': 'resource_counts', 'label': 'f222fc5b-cbbb-4723-91a4-ddb36ad0968a', 'context': [<snowplow_tracker.self_describing_json.SelfDescribingJson object at 0x1073cd100>]}
[0m14:25:25.610501 [info ] [MainThread]: Found 3 models, 7 data tests, 485 macros
[0m14:25:25.610709 [debug] [MainThread]: Sending event: {'category': 'dbt', 'action': 'runnable_timing', 'label': 'f222fc5b-cbbb-4723-91a4-ddb36ad0968a', 'context': [<snowplow_tracker.self_describing_json.SelfDescribingJson object at 0x1045ccfe0>]}
[0m14:25:25.611531 [warn ] [MainThread]: Nothing to do. Try checking your model configs and model specification args
[0m14:25:25.611845 [debug] [MainThread]: Command end result
[0m14:25:25.626890 [debug] [MainThread]: Wrote artifact WritableManifest to /Users/ankita/insurance-platform/transform/target/manifest.json
[0m14:25:25.628000 [debug] [MainThread]: Wrote artifact SemanticManifest to /Users/ankita/insurance-platform/transform/target/semantic_manifest.json
[0m14:25:25.629949 [debug] [MainThread]: Wrote artifact RunExecutionResult to /Users/ankita/insurance-platform/transform/target/run_results.json
[0m14:25:25.632137 [debug] [MainThread]: Resource report: {"command_name": "run", "command_success": true, "command_wall_clock_time": 0.6562197, "process_in_blocks": "0", "process_kernel_time": 0.244286, "process_mem_max_rss": "145719296", "process_out_blocks": "0", "process_user_time": 1.185381}
[0m14:25:25.632402 [debug] [MainThread]: Command `dbt run` succeeded at 14:25:25.632355 after 0.66 seconds
[0m14:25:25.632606 [debug] [MainThread]: Sending event: {'category': 'dbt', 'action': 'invocation', 'label': 'end', 'context': [<snowplow_tracker.self_describing_json.SelfDescribingJson object at 0x106696f90>, <snowplow_tracker.self_describing_json.SelfDescribingJson object at 0x104145b50>, <snowplow_tracker.self_describing_json.SelfDescribingJson object at 0x107608e00>]}
[0m14:25:25.632796 [debug] [MainThread]: Flushing usage events
[0m14:25:27.313493 [debug] [MainThread]: An error was encountered while trying to flush usage events
[0m14:25:58.234618 [debug] [MainThread]: Sending event: {'category': 'dbt', 'action': 'invocation', 'label': 'start', 'context': [<snowplow_tracker.self_describing_json.SelfDescribingJson object at 0x107ef79b0>, <snowplow_tracker.self_describing_json.SelfDescribingJson object at 0x111cf66c0>, <snowplow_tracker.self_describing_json.SelfDescribingJson object at 0x111cf63f0>]}


============================== 14:25:58.237645 | fee41fa6-0314-4f70-9015-00b2fd6b3dc6 ==============================
[0m14:25:58.237645 [info ] [MainThread]: Running with dbt=1.11.11
[0m14:25:58.238011 [debug] [MainThread]: running dbt with arguments {'use_experimental_parser': 'False', 'warn_error_options': 'WarnErrorOptionsV2(error=[], warn=[], silence=[])', 'log_format': 'default', 'write_json': 'True', 'warn_error': 'None', 'quiet': 'False', 'cache_selected_only': 'False', 'use_colors': 'True', 'indirect_selection': 'eager', 'log_cache_events': 'False', 'profiles_dir': '.', 'invocation_command': 'dbt run --select dim_policy --profiles-dir .', 'fail_fast': 'False', 'send_anonymous_usage_stats': 'True', 'no_print': 'None', 'partial_parse': 'True', 'log_path': '/Users/ankita/insurance-platform/transform/logs', 'target_path': 'None', 'empty': 'False', 'debug': 'False', 'printer_width': '80', 'static_parser': 'True', 'version_check': 'True', 'introspect': 'True'}
[0m14:25:58.436093 [debug] [MainThread]: Sending event: {'category': 'dbt', 'action': 'project_id', 'label': 'fee41fa6-0314-4f70-9015-00b2fd6b3dc6', 'context': [<snowplow_tracker.self_describing_json.SelfDescribingJson object at 0x11074d4c0>]}
[0m14:25:58.466307 [debug] [MainThread]: Sending event: {'category': 'dbt', 'action': 'adapter_info', 'label': 'fee41fa6-0314-4f70-9015-00b2fd6b3dc6', 'context': [<snowplow_tracker.self_describing_json.SelfDescribingJson object at 0x107ef79b0>]}
[0m14:25:58.467701 [info ] [MainThread]: Registered adapter: duckdb=1.10.1
[0m14:25:58.531742 [debug] [MainThread]: checksum: 30a8cc8fdcbf66701b0944d4ccce3fa46dd04b61e5df68b9f16d57b2e0e3f0be, vars: {}, profile: , target: , version: 1.11.11
[0m14:25:58.598314 [debug] [MainThread]: Partial parsing enabled: 0 files deleted, 0 files added, 1 files changed.
[0m14:25:58.598708 [debug] [MainThread]: Partial parsing: updated file: insurance://models/marts/dim_policy.sql
[0m14:25:58.722304 [debug] [MainThread]: Sending event: {'category': 'dbt', 'action': 'load_project', 'label': 'fee41fa6-0314-4f70-9015-00b2fd6b3dc6', 'context': [<snowplow_tracker.self_describing_json.SelfDescribingJson object at 0x112286120>]}
[0m14:25:58.760517 [debug] [MainThread]: Wrote artifact WritableManifest to /Users/ankita/insurance-platform/transform/target/manifest.json
[0m14:25:58.762188 [debug] [MainThread]: Wrote artifact SemanticManifest to /Users/ankita/insurance-platform/transform/target/semantic_manifest.json
[0m14:25:58.800647 [debug] [MainThread]: Sending event: {'category': 'dbt', 'action': 'resource_counts', 'label': 'fee41fa6-0314-4f70-9015-00b2fd6b3dc6', 'context': [<snowplow_tracker.self_describing_json.SelfDescribingJson object at 0x1126a5d60>]}
[0m14:25:58.800980 [info ] [MainThread]: Found 3 models, 7 data tests, 485 macros
[0m14:25:58.801191 [debug] [MainThread]: Sending event: {'category': 'dbt', 'action': 'runnable_timing', 'label': 'fee41fa6-0314-4f70-9015-00b2fd6b3dc6', 'context': [<snowplow_tracker.self_describing_json.SelfDescribingJson object at 0x1126a4920>]}
[0m14:25:58.802051 [info ] [MainThread]: 
[0m14:25:58.802255 [info ] [MainThread]: Concurrency: 1 threads (target='dev')
[0m14:25:58.802415 [info ] [MainThread]: 
[0m14:25:58.802666 [debug] [MainThread]: Acquiring new duckdb connection 'master'
[0m14:25:58.803102 [debug] [ThreadPool]: Acquiring new duckdb connection 'list_insurance'
[0m14:25:58.848792 [debug] [ThreadPool]: Using duckdb connection "list_insurance"
[0m14:25:58.849070 [debug] [ThreadPool]: On list_insurance: /* {"app": "dbt", "dbt_version": "1.11.11", "profile_name": "insurance", "target_name": "dev", "connection_name": "list_insurance"} */

    
    select schema_name
    from system.information_schema.schemata
    
    where lower(catalog_name) = '"insurance"'
    
  
  
[0m14:25:58.849248 [debug] [ThreadPool]: Opening a new connection, currently in state init
[0m14:25:58.871428 [debug] [ThreadPool]: SQL status: OK in 0.022 seconds
[0m14:25:58.872515 [debug] [ThreadPool]: On list_insurance: Close
[0m14:25:58.872960 [debug] [ThreadPool]: Re-using an available connection from the pool (formerly list_insurance, now create_insurance_main)
[0m14:25:58.873225 [debug] [ThreadPool]: Creating schema "database: "insurance"
schema: "main"
"
[0m14:25:58.876770 [debug] [ThreadPool]: Using duckdb connection "create_insurance_main"
[0m14:25:58.876976 [debug] [ThreadPool]: On create_insurance_main: /* {"app": "dbt", "dbt_version": "1.11.11", "profile_name": "insurance", "target_name": "dev", "connection_name": "create_insurance_main"} */

    
        select type from duckdb_databases()
        where lower(database_name)='insurance'
        and type='sqlite'
    
  
[0m14:25:58.877139 [debug] [ThreadPool]: Opening a new connection, currently in state closed
[0m14:25:58.878167 [debug] [ThreadPool]: SQL status: OK in 0.001 seconds
[0m14:25:58.878844 [debug] [ThreadPool]: Using duckdb connection "create_insurance_main"
[0m14:25:58.879015 [debug] [ThreadPool]: On create_insurance_main: BEGIN
[0m14:25:58.879256 [debug] [ThreadPool]: SQL status: OK in 0.000 seconds
[0m14:25:58.879409 [debug] [ThreadPool]: Using duckdb connection "create_insurance_main"
[0m14:25:58.879559 [debug] [ThreadPool]: On create_insurance_main: /* {"app": "dbt", "dbt_version": "1.11.11", "profile_name": "insurance", "target_name": "dev", "connection_name": "create_insurance_main"} */

    
    
        create schema if not exists "insurance"."main"
    
[0m14:25:58.879859 [debug] [ThreadPool]: SQL status: OK in 0.000 seconds
[0m14:25:58.880278 [debug] [ThreadPool]: On create_insurance_main: COMMIT
[0m14:25:58.880434 [debug] [ThreadPool]: Using duckdb connection "create_insurance_main"
[0m14:25:58.880574 [debug] [ThreadPool]: On create_insurance_main: COMMIT
[0m14:25:58.880788 [debug] [ThreadPool]: SQL status: OK in 0.000 seconds
[0m14:25:58.880940 [debug] [ThreadPool]: On create_insurance_main: Close
[0m14:25:58.883561 [debug] [ThreadPool]: Re-using an available connection from the pool (formerly create_insurance_main, now list_insurance_main)
[0m14:25:58.886357 [debug] [ThreadPool]: Using duckdb connection "list_insurance_main"
[0m14:25:58.886545 [debug] [ThreadPool]: On list_insurance_main: BEGIN
[0m14:25:58.886693 [debug] [ThreadPool]: Opening a new connection, currently in state closed
[0m14:25:58.886956 [debug] [ThreadPool]: SQL status: OK in 0.000 seconds
[0m14:25:58.887111 [debug] [ThreadPool]: Using duckdb connection "list_insurance_main"
[0m14:25:58.887272 [debug] [ThreadPool]: On list_insurance_main: /* {"app": "dbt", "dbt_version": "1.11.11", "profile_name": "insurance", "target_name": "dev", "connection_name": "list_insurance_main"} */
select
      'insurance' as database,
      table_name as name,
      table_schema as schema,
      CASE table_type
        WHEN 'BASE TABLE' THEN 'table'
        WHEN 'VIEW' THEN 'view'
        WHEN 'LOCAL TEMPORARY' THEN 'table'
        END as type
    from system.information_schema.tables
    where lower(table_schema) = 'main'
    and lower(table_catalog) = 'insurance'
  
[0m14:25:58.890493 [debug] [ThreadPool]: SQL status: OK in 0.003 seconds
[0m14:25:58.891232 [debug] [ThreadPool]: On list_insurance_main: ROLLBACK
[0m14:25:58.892110 [debug] [ThreadPool]: Failed to rollback 'list_insurance_main'
[0m14:25:58.892276 [debug] [ThreadPool]: On list_insurance_main: Close
[0m14:25:58.893042 [debug] [MainThread]: Sending event: {'category': 'dbt', 'action': 'runnable_timing', 'label': 'fee41fa6-0314-4f70-9015-00b2fd6b3dc6', 'context': [<snowplow_tracker.self_describing_json.SelfDescribingJson object at 0x112ac92b0>]}
[0m14:25:58.893285 [debug] [MainThread]: Using duckdb connection "master"
[0m14:25:58.893435 [debug] [MainThread]: On master: BEGIN
[0m14:25:58.893572 [debug] [MainThread]: Opening a new connection, currently in state init
[0m14:25:58.893826 [debug] [MainThread]: SQL status: OK in 0.000 seconds
[0m14:25:58.893976 [debug] [MainThread]: On master: COMMIT
[0m14:25:58.894119 [debug] [MainThread]: Using duckdb connection "master"
[0m14:25:58.894256 [debug] [MainThread]: On master: COMMIT
[0m14:25:58.894493 [debug] [MainThread]: SQL status: OK in 0.000 seconds
[0m14:25:58.894709 [debug] [MainThread]: On master: Close
[0m14:25:58.896315 [debug] [Thread-1 (]: Began running node model.insurance.dim_policy
[0m14:25:58.896583 [info ] [Thread-1 (]: 1 of 1 START sql table model main.dim_policy ................................... [RUN]
[0m14:25:58.896812 [debug] [Thread-1 (]: Re-using an available connection from the pool (formerly list_insurance_main, now model.insurance.dim_policy)
[0m14:25:58.896995 [debug] [Thread-1 (]: Began compiling node model.insurance.dim_policy
[0m14:25:58.901592 [debug] [Thread-1 (]: Writing injected SQL for node "model.insurance.dim_policy"
[0m14:25:58.902066 [debug] [Thread-1 (]: Began executing node model.insurance.dim_policy
[0m14:25:58.919195 [debug] [Thread-1 (]: Writing runtime sql for node "model.insurance.dim_policy"
[0m14:25:58.919794 [debug] [Thread-1 (]: Using duckdb connection "model.insurance.dim_policy"
[0m14:25:58.920003 [debug] [Thread-1 (]: On model.insurance.dim_policy: BEGIN
[0m14:25:58.920179 [debug] [Thread-1 (]: Opening a new connection, currently in state closed
[0m14:25:58.920554 [debug] [Thread-1 (]: SQL status: OK in 0.000 seconds
[0m14:25:58.920723 [debug] [Thread-1 (]: Using duckdb connection "model.insurance.dim_policy"
[0m14:25:58.920907 [debug] [Thread-1 (]: On model.insurance.dim_policy: /* {"app": "dbt", "dbt_version": "1.11.11", "profile_name": "insurance", "target_name": "dev", "node_id": "model.insurance.dim_policy"} */

  
    
    

    create  table
      "insurance"."main"."dim_policy__dbt_tmp"
  
    as (
      select
    policy_id,          -- the key other tables join to
    policyholder,
    state,
    product_type,
    premium_tier,
    annual_premium,
    status
from "insurance"."main"."stg_policies"
    );
  
  
[0m14:25:58.925364 [debug] [Thread-1 (]: SQL status: OK in 0.004 seconds
[0m14:25:58.928695 [debug] [Thread-1 (]: Using duckdb connection "model.insurance.dim_policy"
[0m14:25:58.928924 [debug] [Thread-1 (]: On model.insurance.dim_policy: /* {"app": "dbt", "dbt_version": "1.11.11", "profile_name": "insurance", "target_name": "dev", "node_id": "model.insurance.dim_policy"} */
alter table "insurance"."main"."dim_policy__dbt_tmp" rename to "dim_policy"
[0m14:25:58.929601 [debug] [Thread-1 (]: SQL status: OK in 0.000 seconds
[0m14:25:58.937246 [debug] [Thread-1 (]: On model.insurance.dim_policy: COMMIT
[0m14:25:58.937475 [debug] [Thread-1 (]: Using duckdb connection "model.insurance.dim_policy"
[0m14:25:58.937656 [debug] [Thread-1 (]: On model.insurance.dim_policy: COMMIT
[0m14:25:58.938489 [debug] [Thread-1 (]: SQL status: OK in 0.001 seconds
[0m14:25:58.941262 [debug] [Thread-1 (]: Using duckdb connection "model.insurance.dim_policy"
[0m14:25:58.941495 [debug] [Thread-1 (]: On model.insurance.dim_policy: /* {"app": "dbt", "dbt_version": "1.11.11", "profile_name": "insurance", "target_name": "dev", "node_id": "model.insurance.dim_policy"} */

      drop table if exists "insurance"."main"."dim_policy__dbt_backup" cascade
    
[0m14:25:58.942036 [debug] [Thread-1 (]: SQL status: OK in 0.000 seconds
[0m14:25:58.943283 [debug] [Thread-1 (]: On model.insurance.dim_policy: Close
[0m14:25:58.944353 [debug] [Thread-1 (]: Sending event: {'category': 'dbt', 'action': 'run_model', 'label': 'fee41fa6-0314-4f70-9015-00b2fd6b3dc6', 'context': [<snowplow_tracker.self_describing_json.SelfDescribingJson object at 0x105a029c0>]}
[0m14:25:58.944766 [info ] [Thread-1 (]: 1 of 1 OK created sql table model main.dim_policy .............................. [[32mOK[0m in 0.05s]
[0m14:25:58.945087 [debug] [Thread-1 (]: Finished running node model.insurance.dim_policy
[0m14:25:58.945670 [debug] [MainThread]: Using duckdb connection "master"
[0m14:25:58.945838 [debug] [MainThread]: On master: BEGIN
[0m14:25:58.945989 [debug] [MainThread]: Opening a new connection, currently in state closed
[0m14:25:58.946302 [debug] [MainThread]: SQL status: OK in 0.000 seconds
[0m14:25:58.946456 [debug] [MainThread]: On master: COMMIT
[0m14:25:58.946601 [debug] [MainThread]: Using duckdb connection "master"
[0m14:25:58.946744 [debug] [MainThread]: On master: COMMIT
[0m14:25:58.946982 [debug] [MainThread]: SQL status: OK in 0.000 seconds
[0m14:25:58.947168 [debug] [MainThread]: On master: Close
[0m14:25:58.947375 [debug] [MainThread]: Connection 'master' was properly closed.
[0m14:25:58.947525 [debug] [MainThread]: Connection 'model.insurance.dim_policy' was properly closed.
[0m14:25:58.947679 [info ] [MainThread]: 
[0m14:25:58.947846 [info ] [MainThread]: Finished running 1 table model in 0 hours 0 minutes and 0.15 seconds (0.15s).
[0m14:25:58.948174 [debug] [MainThread]: Command end result
[0m14:25:58.963436 [debug] [MainThread]: Wrote artifact WritableManifest to /Users/ankita/insurance-platform/transform/target/manifest.json
[0m14:25:58.964542 [debug] [MainThread]: Wrote artifact SemanticManifest to /Users/ankita/insurance-platform/transform/target/semantic_manifest.json
[0m14:25:58.967470 [debug] [MainThread]: Wrote artifact RunExecutionResult to /Users/ankita/insurance-platform/transform/target/run_results.json
[0m14:25:58.967672 [info ] [MainThread]: 
[0m14:25:58.967898 [info ] [MainThread]: [32mCompleted successfully[0m
[0m14:25:58.968066 [info ] [MainThread]: 
[0m14:25:58.968245 [info ] [MainThread]: Done. PASS=1 WARN=0 ERROR=0 SKIP=0 NO-OP=0 TOTAL=1
[0m14:25:58.970078 [debug] [MainThread]: Resource report: {"command_name": "run", "command_success": true, "command_wall_clock_time": 0.77782965, "process_in_blocks": "0", "process_kernel_time": 0.222953, "process_mem_max_rss": "155713536", "process_out_blocks": "0", "process_user_time": 1.265671}
[0m14:25:58.970369 [debug] [MainThread]: Command `dbt run` succeeded at 14:25:58.970319 after 0.78 seconds
[0m14:25:58.970579 [debug] [MainThread]: Sending event: {'category': 'dbt', 'action': 'invocation', 'label': 'end', 'context': [<snowplow_tracker.self_describing_json.SelfDescribingJson object at 0x102d2ed80>, <snowplow_tracker.self_describing_json.SelfDescribingJson object at 0x1123f4b90>, <snowplow_tracker.self_describing_json.SelfDescribingJson object at 0x111b4d580>]}
[0m14:25:58.970781 [debug] [MainThread]: Flushing usage events
[0m14:26:00.040337 [debug] [MainThread]: An error was encountered while trying to flush usage events
[0m14:41:23.421834 [debug] [MainThread]: Sending event: {'category': 'dbt', 'action': 'invocation', 'label': 'start', 'context': [<snowplow_tracker.self_describing_json.SelfDescribingJson object at 0x110698e60>, <snowplow_tracker.self_describing_json.SelfDescribingJson object at 0x1130fa450>, <snowplow_tracker.self_describing_json.SelfDescribingJson object at 0x1130fa180>]}


============================== 14:41:23.424915 | e0f549fc-a121-47ac-a78e-74a27cca2d75 ==============================
[0m14:41:23.424915 [info ] [MainThread]: Running with dbt=1.11.11
[0m14:41:23.425273 [debug] [MainThread]: running dbt with arguments {'cache_selected_only': 'False', 'partial_parse': 'True', 'log_format': 'default', 'indirect_selection': 'eager', 'static_parser': 'True', 'version_check': 'True', 'introspect': 'True', 'quiet': 'False', 'use_experimental_parser': 'False', 'log_path': '/Users/ankita/insurance-platform/transform/logs', 'use_colors': 'True', 'no_print': 'None', 'debug': 'False', 'warn_error': 'None', 'warn_error_options': 'WarnErrorOptionsV2(error=[], warn=[], silence=[])', 'profiles_dir': '.', 'invocation_command': 'dbt run --select dim_claim_type --profiles-dir .', 'write_json': 'True', 'send_anonymous_usage_stats': 'True', 'empty': 'False', 'log_cache_events': 'False', 'target_path': 'None', 'printer_width': '80', 'fail_fast': 'False'}
[0m14:41:23.620720 [debug] [MainThread]: Sending event: {'category': 'dbt', 'action': 'project_id', 'label': 'e0f549fc-a121-47ac-a78e-74a27cca2d75', 'context': [<snowplow_tracker.self_describing_json.SelfDescribingJson object at 0x1133def30>]}
[0m14:41:23.651504 [debug] [MainThread]: Sending event: {'category': 'dbt', 'action': 'adapter_info', 'label': 'e0f549fc-a121-47ac-a78e-74a27cca2d75', 'context': [<snowplow_tracker.self_describing_json.SelfDescribingJson object at 0x11293a660>]}
[0m14:41:23.652910 [info ] [MainThread]: Registered adapter: duckdb=1.10.1
[0m14:41:23.718038 [debug] [MainThread]: checksum: 30a8cc8fdcbf66701b0944d4ccce3fa46dd04b61e5df68b9f16d57b2e0e3f0be, vars: {}, profile: , target: , version: 1.11.11
[0m14:41:23.786220 [debug] [MainThread]: Partial parsing enabled: 0 files deleted, 1 files added, 0 files changed.
[0m14:41:23.786580 [debug] [MainThread]: Partial parsing: added file: insurance://models/marts/dim_claim_type.sql
[0m14:41:23.913364 [debug] [MainThread]: Sending event: {'category': 'dbt', 'action': 'load_project', 'label': 'e0f549fc-a121-47ac-a78e-74a27cca2d75', 'context': [<snowplow_tracker.self_describing_json.SelfDescribingJson object at 0x113be3200>]}
[0m14:41:23.951679 [debug] [MainThread]: Wrote artifact WritableManifest to /Users/ankita/insurance-platform/transform/target/manifest.json
[0m14:41:23.953169 [debug] [MainThread]: Wrote artifact SemanticManifest to /Users/ankita/insurance-platform/transform/target/semantic_manifest.json
[0m14:41:23.991961 [debug] [MainThread]: Sending event: {'category': 'dbt', 'action': 'resource_counts', 'label': 'e0f549fc-a121-47ac-a78e-74a27cca2d75', 'context': [<snowplow_tracker.self_describing_json.SelfDescribingJson object at 0x1139b7a10>]}
[0m14:41:23.992301 [info ] [MainThread]: Found 4 models, 7 data tests, 485 macros
[0m14:41:23.992510 [debug] [MainThread]: Sending event: {'category': 'dbt', 'action': 'runnable_timing', 'label': 'e0f549fc-a121-47ac-a78e-74a27cca2d75', 'context': [<snowplow_tracker.self_describing_json.SelfDescribingJson object at 0x1139b7bf0>]}
[0m14:41:23.993388 [info ] [MainThread]: 
[0m14:41:23.993594 [info ] [MainThread]: Concurrency: 1 threads (target='dev')
[0m14:41:23.993751 [info ] [MainThread]: 
[0m14:41:23.994000 [debug] [MainThread]: Acquiring new duckdb connection 'master'
[0m14:41:23.994423 [debug] [ThreadPool]: Acquiring new duckdb connection 'list_insurance'
[0m14:41:24.029288 [debug] [ThreadPool]: Using duckdb connection "list_insurance"
[0m14:41:24.029582 [debug] [ThreadPool]: On list_insurance: /* {"app": "dbt", "dbt_version": "1.11.11", "profile_name": "insurance", "target_name": "dev", "connection_name": "list_insurance"} */

    
    select schema_name
    from system.information_schema.schemata
    
    where lower(catalog_name) = '"insurance"'
    
  
  
[0m14:41:24.029762 [debug] [ThreadPool]: Opening a new connection, currently in state init
[0m14:41:24.048558 [debug] [ThreadPool]: SQL status: OK in 0.019 seconds
[0m14:41:24.049444 [debug] [ThreadPool]: On list_insurance: Close
[0m14:41:24.049843 [debug] [ThreadPool]: Re-using an available connection from the pool (formerly list_insurance, now create_insurance_main)
[0m14:41:24.050130 [debug] [ThreadPool]: Creating schema "database: "insurance"
schema: "main"
"
[0m14:41:24.053636 [debug] [ThreadPool]: Using duckdb connection "create_insurance_main"
[0m14:41:24.053851 [debug] [ThreadPool]: On create_insurance_main: /* {"app": "dbt", "dbt_version": "1.11.11", "profile_name": "insurance", "target_name": "dev", "connection_name": "create_insurance_main"} */

    
        select type from duckdb_databases()
        where lower(database_name)='insurance'
        and type='sqlite'
    
  
[0m14:41:24.054014 [debug] [ThreadPool]: Opening a new connection, currently in state closed
[0m14:41:24.055024 [debug] [ThreadPool]: SQL status: OK in 0.001 seconds
[0m14:41:24.055758 [debug] [ThreadPool]: Using duckdb connection "create_insurance_main"
[0m14:41:24.055935 [debug] [ThreadPool]: On create_insurance_main: BEGIN
[0m14:41:24.056185 [debug] [ThreadPool]: SQL status: OK in 0.000 seconds
[0m14:41:24.056337 [debug] [ThreadPool]: Using duckdb connection "create_insurance_main"
[0m14:41:24.056486 [debug] [ThreadPool]: On create_insurance_main: /* {"app": "dbt", "dbt_version": "1.11.11", "profile_name": "insurance", "target_name": "dev", "connection_name": "create_insurance_main"} */

    
    
        create schema if not exists "insurance"."main"
    
[0m14:41:24.056942 [debug] [ThreadPool]: SQL status: OK in 0.000 seconds
[0m14:41:24.057381 [debug] [ThreadPool]: On create_insurance_main: COMMIT
[0m14:41:24.057541 [debug] [ThreadPool]: Using duckdb connection "create_insurance_main"
[0m14:41:24.057683 [debug] [ThreadPool]: On create_insurance_main: COMMIT
[0m14:41:24.057903 [debug] [ThreadPool]: SQL status: OK in 0.000 seconds
[0m14:41:24.058057 [debug] [ThreadPool]: On create_insurance_main: Close
[0m14:41:24.060736 [debug] [ThreadPool]: Re-using an available connection from the pool (formerly create_insurance_main, now list_insurance_main)
[0m14:41:24.063530 [debug] [ThreadPool]: Using duckdb connection "list_insurance_main"
[0m14:41:24.063723 [debug] [ThreadPool]: On list_insurance_main: BEGIN
[0m14:41:24.063881 [debug] [ThreadPool]: Opening a new connection, currently in state closed
[0m14:41:24.064160 [debug] [ThreadPool]: SQL status: OK in 0.000 seconds
[0m14:41:24.064312 [debug] [ThreadPool]: Using duckdb connection "list_insurance_main"
[0m14:41:24.064468 [debug] [ThreadPool]: On list_insurance_main: /* {"app": "dbt", "dbt_version": "1.11.11", "profile_name": "insurance", "target_name": "dev", "connection_name": "list_insurance_main"} */
select
      'insurance' as database,
      table_name as name,
      table_schema as schema,
      CASE table_type
        WHEN 'BASE TABLE' THEN 'table'
        WHEN 'VIEW' THEN 'view'
        WHEN 'LOCAL TEMPORARY' THEN 'table'
        END as type
    from system.information_schema.tables
    where lower(table_schema) = 'main'
    and lower(table_catalog) = 'insurance'
  
[0m14:41:24.067889 [debug] [ThreadPool]: SQL status: OK in 0.003 seconds
[0m14:41:24.068869 [debug] [ThreadPool]: On list_insurance_main: ROLLBACK
[0m14:41:24.069810 [debug] [ThreadPool]: Failed to rollback 'list_insurance_main'
[0m14:41:24.069987 [debug] [ThreadPool]: On list_insurance_main: Close
[0m14:41:24.070645 [debug] [MainThread]: Sending event: {'category': 'dbt', 'action': 'runnable_timing', 'label': 'e0f549fc-a121-47ac-a78e-74a27cca2d75', 'context': [<snowplow_tracker.self_describing_json.SelfDescribingJson object at 0x104636ae0>]}
[0m14:41:24.070907 [debug] [MainThread]: Using duckdb connection "master"
[0m14:41:24.071064 [debug] [MainThread]: On master: BEGIN
[0m14:41:24.071209 [debug] [MainThread]: Opening a new connection, currently in state init
[0m14:41:24.071492 [debug] [MainThread]: SQL status: OK in 0.000 seconds
[0m14:41:24.071672 [debug] [MainThread]: On master: COMMIT
[0m14:41:24.071833 [debug] [MainThread]: Using duckdb connection "master"
[0m14:41:24.071981 [debug] [MainThread]: On master: COMMIT
[0m14:41:24.072204 [debug] [MainThread]: SQL status: OK in 0.000 seconds
[0m14:41:24.072359 [debug] [MainThread]: On master: Close
[0m14:41:24.073593 [debug] [Thread-1 (]: Began running node model.insurance.dim_claim_type
[0m14:41:24.073875 [info ] [Thread-1 (]: 1 of 1 START sql table model main.dim_claim_type ............................... [RUN]
[0m14:41:24.074109 [debug] [Thread-1 (]: Re-using an available connection from the pool (formerly list_insurance_main, now model.insurance.dim_claim_type)
[0m14:41:24.074294 [debug] [Thread-1 (]: Began compiling node model.insurance.dim_claim_type
[0m14:41:24.078904 [debug] [Thread-1 (]: Writing injected SQL for node "model.insurance.dim_claim_type"
[0m14:41:24.079383 [debug] [Thread-1 (]: Began executing node model.insurance.dim_claim_type
[0m14:41:24.095970 [debug] [Thread-1 (]: Writing runtime sql for node "model.insurance.dim_claim_type"
[0m14:41:24.096564 [debug] [Thread-1 (]: Using duckdb connection "model.insurance.dim_claim_type"
[0m14:41:24.096824 [debug] [Thread-1 (]: On model.insurance.dim_claim_type: BEGIN
[0m14:41:24.097010 [debug] [Thread-1 (]: Opening a new connection, currently in state closed
[0m14:41:24.097410 [debug] [Thread-1 (]: SQL status: OK in 0.000 seconds
[0m14:41:24.097597 [debug] [Thread-1 (]: Using duckdb connection "model.insurance.dim_claim_type"
[0m14:41:24.097782 [debug] [Thread-1 (]: On model.insurance.dim_claim_type: /* {"app": "dbt", "dbt_version": "1.11.11", "profile_name": "insurance", "target_name": "dev", "node_id": "model.insurance.dim_claim_type"} */

  
    
    

    create  table
      "insurance"."main"."dim_claim_type__dbt_tmp"
  
    as (
      select distinct
    claim_type
from "insurance"."main"."stg_claims"
order by claim_type
    );
  
  
[0m14:41:24.107967 [debug] [Thread-1 (]: SQL status: OK in 0.010 seconds
[0m14:41:24.111536 [debug] [Thread-1 (]: Using duckdb connection "model.insurance.dim_claim_type"
[0m14:41:24.111773 [debug] [Thread-1 (]: On model.insurance.dim_claim_type: /* {"app": "dbt", "dbt_version": "1.11.11", "profile_name": "insurance", "target_name": "dev", "node_id": "model.insurance.dim_claim_type"} */
alter table "insurance"."main"."dim_claim_type__dbt_tmp" rename to "dim_claim_type"
[0m14:41:24.112679 [debug] [Thread-1 (]: SQL status: OK in 0.001 seconds
[0m14:41:24.120444 [debug] [Thread-1 (]: On model.insurance.dim_claim_type: COMMIT
[0m14:41:24.120687 [debug] [Thread-1 (]: Using duckdb connection "model.insurance.dim_claim_type"
[0m14:41:24.120879 [debug] [Thread-1 (]: On model.insurance.dim_claim_type: COMMIT
[0m14:41:24.121442 [debug] [Thread-1 (]: SQL status: OK in 0.000 seconds
[0m14:41:24.124160 [debug] [Thread-1 (]: Using duckdb connection "model.insurance.dim_claim_type"
[0m14:41:24.124373 [debug] [Thread-1 (]: On model.insurance.dim_claim_type: /* {"app": "dbt", "dbt_version": "1.11.11", "profile_name": "insurance", "target_name": "dev", "node_id": "model.insurance.dim_claim_type"} */

      drop table if exists "insurance"."main"."dim_claim_type__dbt_backup" cascade
    
[0m14:41:24.124709 [debug] [Thread-1 (]: SQL status: OK in 0.000 seconds
[0m14:41:24.125903 [debug] [Thread-1 (]: On model.insurance.dim_claim_type: Close
[0m14:41:24.126947 [debug] [Thread-1 (]: Sending event: {'category': 'dbt', 'action': 'run_model', 'label': 'e0f549fc-a121-47ac-a78e-74a27cca2d75', 'context': [<snowplow_tracker.self_describing_json.SelfDescribingJson object at 0x113ebe510>]}
[0m14:41:24.127299 [info ] [Thread-1 (]: 1 of 1 OK created sql table model main.dim_claim_type .......................... [[32mOK[0m in 0.05s]
[0m14:41:24.127599 [debug] [Thread-1 (]: Finished running node model.insurance.dim_claim_type
[0m14:41:24.128160 [debug] [MainThread]: Using duckdb connection "master"
[0m14:41:24.128350 [debug] [MainThread]: On master: BEGIN
[0m14:41:24.128506 [debug] [MainThread]: Opening a new connection, currently in state closed
[0m14:41:24.128791 [debug] [MainThread]: SQL status: OK in 0.000 seconds
[0m14:41:24.128950 [debug] [MainThread]: On master: COMMIT
[0m14:41:24.129098 [debug] [MainThread]: Using duckdb connection "master"
[0m14:41:24.129311 [debug] [MainThread]: On master: COMMIT
[0m14:41:24.129578 [debug] [MainThread]: SQL status: OK in 0.000 seconds
[0m14:41:24.129748 [debug] [MainThread]: On master: Close
[0m14:41:24.129945 [debug] [MainThread]: Connection 'master' was properly closed.
[0m14:41:24.130088 [debug] [MainThread]: Connection 'model.insurance.dim_claim_type' was properly closed.
[0m14:41:24.130244 [info ] [MainThread]: 
[0m14:41:24.130413 [info ] [MainThread]: Finished running 1 table model in 0 hours 0 minutes and 0.14 seconds (0.14s).
[0m14:41:24.130740 [debug] [MainThread]: Command end result
[0m14:41:24.145554 [debug] [MainThread]: Wrote artifact WritableManifest to /Users/ankita/insurance-platform/transform/target/manifest.json
[0m14:41:24.146726 [debug] [MainThread]: Wrote artifact SemanticManifest to /Users/ankita/insurance-platform/transform/target/semantic_manifest.json
[0m14:41:24.150053 [debug] [MainThread]: Wrote artifact RunExecutionResult to /Users/ankita/insurance-platform/transform/target/run_results.json
[0m14:41:24.150293 [info ] [MainThread]: 
[0m14:41:24.150510 [info ] [MainThread]: [32mCompleted successfully[0m
[0m14:41:24.150679 [info ] [MainThread]: 
[0m14:41:24.150858 [info ] [MainThread]: Done. PASS=1 WARN=0 ERROR=0 SKIP=0 NO-OP=0 TOTAL=1
[0m14:41:24.153091 [debug] [MainThread]: Resource report: {"command_name": "run", "command_success": true, "command_wall_clock_time": 0.7779988, "process_in_blocks": "0", "process_kernel_time": 0.238012, "process_mem_max_rss": "157843456", "process_out_blocks": "0", "process_user_time": 1.281673}
[0m14:41:24.153360 [debug] [MainThread]: Command `dbt run` succeeded at 14:41:24.153317 after 0.78 seconds
[0m14:41:24.153563 [debug] [MainThread]: Sending event: {'category': 'dbt', 'action': 'invocation', 'label': 'end', 'context': [<snowplow_tracker.self_describing_json.SelfDescribingJson object at 0x113a95640>, <snowplow_tracker.self_describing_json.SelfDescribingJson object at 0x1130fa3f0>, <snowplow_tracker.self_describing_json.SelfDescribingJson object at 0x111562a20>]}
[0m14:41:24.153764 [debug] [MainThread]: Flushing usage events
[0m14:41:25.416085 [debug] [MainThread]: An error was encountered while trying to flush usage events
[0m14:43:48.055458 [debug] [MainThread]: Sending event: {'category': 'dbt', 'action': 'invocation', 'label': 'start', 'context': [<snowplow_tracker.self_describing_json.SelfDescribingJson object at 0x1071ff5c0>, <snowplow_tracker.self_describing_json.SelfDescribingJson object at 0x1111d5220>, <snowplow_tracker.self_describing_json.SelfDescribingJson object at 0x1111fa5a0>]}


============================== 14:43:48.058659 | 7e51496d-b048-4b7a-8c85-200aa305fa79 ==============================
[0m14:43:48.058659 [info ] [MainThread]: Running with dbt=1.11.11
[0m14:43:48.059025 [debug] [MainThread]: running dbt with arguments {'profiles_dir': '.', 'log_format': 'default', 'introspect': 'True', 'no_print': 'None', 'send_anonymous_usage_stats': 'True', 'partial_parse': 'True', 'use_colors': 'True', 'printer_width': '80', 'indirect_selection': 'eager', 'log_path': '/Users/ankita/insurance-platform/transform/logs', 'log_cache_events': 'False', 'cache_selected_only': 'False', 'static_parser': 'True', 'warn_error_options': 'WarnErrorOptionsV2(error=[], warn=[], silence=[])', 'write_json': 'True', 'warn_error': 'None', 'version_check': 'True', 'fail_fast': 'False', 'invocation_command': 'dbt run --select dim_datee --profiles-dir .', 'quiet': 'False', 'empty': 'False', 'debug': 'False', 'target_path': 'None', 'use_experimental_parser': 'False'}
[0m14:43:48.248804 [debug] [MainThread]: Sending event: {'category': 'dbt', 'action': 'project_id', 'label': '7e51496d-b048-4b7a-8c85-200aa305fa79', 'context': [<snowplow_tracker.self_describing_json.SelfDescribingJson object at 0x107863770>]}
[0m14:43:48.279814 [debug] [MainThread]: Sending event: {'category': 'dbt', 'action': 'adapter_info', 'label': '7e51496d-b048-4b7a-8c85-200aa305fa79', 'context': [<snowplow_tracker.self_describing_json.SelfDescribingJson object at 0x110951d60>]}
[0m14:43:48.281236 [info ] [MainThread]: Registered adapter: duckdb=1.10.1
[0m14:43:48.346883 [debug] [MainThread]: checksum: 30a8cc8fdcbf66701b0944d4ccce3fa46dd04b61e5df68b9f16d57b2e0e3f0be, vars: {}, profile: , target: , version: 1.11.11
[0m14:43:48.413354 [debug] [MainThread]: Partial parsing enabled: 0 files deleted, 1 files added, 0 files changed.
[0m14:43:48.413710 [debug] [MainThread]: Partial parsing: added file: insurance://models/marts/dim_date.sql
[0m14:43:48.539611 [debug] [MainThread]: Sending event: {'category': 'dbt', 'action': 'load_project', 'label': '7e51496d-b048-4b7a-8c85-200aa305fa79', 'context': [<snowplow_tracker.self_describing_json.SelfDescribingJson object at 0x111bff920>]}
[0m14:43:48.577742 [debug] [MainThread]: Wrote artifact WritableManifest to /Users/ankita/insurance-platform/transform/target/manifest.json
[0m14:43:48.579401 [debug] [MainThread]: Wrote artifact SemanticManifest to /Users/ankita/insurance-platform/transform/target/semantic_manifest.json
[0m14:43:48.618584 [debug] [MainThread]: Sending event: {'category': 'dbt', 'action': 'resource_counts', 'label': '7e51496d-b048-4b7a-8c85-200aa305fa79', 'context': [<snowplow_tracker.self_describing_json.SelfDescribingJson object at 0x111aa1d60>]}
[0m14:43:48.618913 [info ] [MainThread]: Found 5 models, 7 data tests, 485 macros
[0m14:43:48.619112 [debug] [MainThread]: Sending event: {'category': 'dbt', 'action': 'runnable_timing', 'label': '7e51496d-b048-4b7a-8c85-200aa305fa79', 'context': [<snowplow_tracker.self_describing_json.SelfDescribingJson object at 0x110e92c60>]}
[0m14:43:48.619451 [warn ] [MainThread]: The selection criterion 'dim_datee' does not match any enabled nodes
[0m14:43:48.620132 [warn ] [MainThread]: Nothing to do. Try checking your model configs and model specification args
[0m14:43:48.620410 [debug] [MainThread]: Command end result
[0m14:43:48.635491 [debug] [MainThread]: Wrote artifact WritableManifest to /Users/ankita/insurance-platform/transform/target/manifest.json
[0m14:43:48.636604 [debug] [MainThread]: Wrote artifact SemanticManifest to /Users/ankita/insurance-platform/transform/target/semantic_manifest.json
[0m14:43:48.638411 [debug] [MainThread]: Wrote artifact RunExecutionResult to /Users/ankita/insurance-platform/transform/target/run_results.json
[0m14:43:48.640268 [debug] [MainThread]: Resource report: {"command_name": "run", "command_success": true, "command_wall_clock_time": 0.6288565, "process_in_blocks": "0", "process_kernel_time": 0.210224, "process_mem_max_rss": "145293312", "process_out_blocks": "0", "process_user_time": 1.1818}
[0m14:43:48.640570 [debug] [MainThread]: Command `dbt run` succeeded at 14:43:48.640520 after 0.63 seconds
[0m14:43:48.640787 [debug] [MainThread]: Sending event: {'category': 'dbt', 'action': 'invocation', 'label': 'end', 'context': [<snowplow_tracker.self_describing_json.SelfDescribingJson object at 0x1005c6d80>, <snowplow_tracker.self_describing_json.SelfDescribingJson object at 0x1115dc260>, <snowplow_tracker.self_describing_json.SelfDescribingJson object at 0x1115ddb80>]}
[0m14:43:48.640991 [debug] [MainThread]: Flushing usage events
[0m14:43:49.836785 [debug] [MainThread]: An error was encountered while trying to flush usage events
[0m14:44:09.625095 [debug] [MainThread]: Sending event: {'category': 'dbt', 'action': 'invocation', 'label': 'start', 'context': [<snowplow_tracker.self_describing_json.SelfDescribingJson object at 0x10494ea80>, <snowplow_tracker.self_describing_json.SelfDescribingJson object at 0x10508a5d0>, <snowplow_tracker.self_describing_json.SelfDescribingJson object at 0x10508a300>]}


============================== 14:44:09.628107 | 64bea5ab-4498-440f-99a5-a3da6397152f ==============================
[0m14:44:09.628107 [info ] [MainThread]: Running with dbt=1.11.11
[0m14:44:09.628468 [debug] [MainThread]: running dbt with arguments {'static_parser': 'True', 'write_json': 'True', 'use_experimental_parser': 'False', 'fail_fast': 'False', 'indirect_selection': 'eager', 'invocation_command': 'dbt run --select dim_date --profiles-dir .', 'use_colors': 'True', 'log_format': 'default', 'partial_parse': 'True', 'no_print': 'None', 'quiet': 'False', 'send_anonymous_usage_stats': 'True', 'profiles_dir': '.', 'printer_width': '80', 'empty': 'False', 'debug': 'False', 'log_path': '/Users/ankita/insurance-platform/transform/logs', 'cache_selected_only': 'False', 'version_check': 'True', 'warn_error_options': 'WarnErrorOptionsV2(error=[], warn=[], silence=[])', 'warn_error': 'None', 'target_path': 'None', 'introspect': 'True', 'log_cache_events': 'False'}
[0m14:44:09.819654 [debug] [MainThread]: Sending event: {'category': 'dbt', 'action': 'project_id', 'label': '64bea5ab-4498-440f-99a5-a3da6397152f', 'context': [<snowplow_tracker.self_describing_json.SelfDescribingJson object at 0x104fdbf20>]}
[0m14:44:09.850041 [debug] [MainThread]: Sending event: {'category': 'dbt', 'action': 'adapter_info', 'label': '64bea5ab-4498-440f-99a5-a3da6397152f', 'context': [<snowplow_tracker.self_describing_json.SelfDescribingJson object at 0x1051b1d00>]}
[0m14:44:09.851697 [info ] [MainThread]: Registered adapter: duckdb=1.10.1
[0m14:44:09.914860 [debug] [MainThread]: checksum: 30a8cc8fdcbf66701b0944d4ccce3fa46dd04b61e5df68b9f16d57b2e0e3f0be, vars: {}, profile: , target: , version: 1.11.11
[0m14:44:09.978216 [debug] [MainThread]: Partial parsing enabled: 0 files deleted, 0 files added, 0 files changed.
[0m14:44:09.978513 [debug] [MainThread]: Nothing changed, skipping partial parsing.
[0m14:44:09.978687 [debug] [MainThread]: Partial parsing enabled, no changes found, skipping parsing
[0m14:44:09.997913 [debug] [MainThread]: Sending event: {'category': 'dbt', 'action': 'load_project', 'label': '64bea5ab-4498-440f-99a5-a3da6397152f', 'context': [<snowplow_tracker.self_describing_json.SelfDescribingJson object at 0x105320f20>]}
[0m14:44:10.037553 [debug] [MainThread]: Wrote artifact WritableManifest to /Users/ankita/insurance-platform/transform/target/manifest.json
[0m14:44:10.038938 [debug] [MainThread]: Wrote artifact SemanticManifest to /Users/ankita/insurance-platform/transform/target/semantic_manifest.json
[0m14:44:10.046042 [debug] [MainThread]: Sending event: {'category': 'dbt', 'action': 'resource_counts', 'label': '64bea5ab-4498-440f-99a5-a3da6397152f', 'context': [<snowplow_tracker.self_describing_json.SelfDescribingJson object at 0x1055019d0>]}
[0m14:44:10.046327 [info ] [MainThread]: Found 5 models, 7 data tests, 485 macros
[0m14:44:10.046522 [debug] [MainThread]: Sending event: {'category': 'dbt', 'action': 'runnable_timing', 'label': '64bea5ab-4498-440f-99a5-a3da6397152f', 'context': [<snowplow_tracker.self_describing_json.SelfDescribingJson object at 0x10549a8d0>]}
[0m14:44:10.047343 [info ] [MainThread]: 
[0m14:44:10.047545 [info ] [MainThread]: Concurrency: 1 threads (target='dev')
[0m14:44:10.047702 [info ] [MainThread]: 
[0m14:44:10.047967 [debug] [MainThread]: Acquiring new duckdb connection 'master'
[0m14:44:10.048403 [debug] [ThreadPool]: Acquiring new duckdb connection 'list_insurance'
[0m14:44:10.083379 [debug] [ThreadPool]: Using duckdb connection "list_insurance"
[0m14:44:10.083646 [debug] [ThreadPool]: On list_insurance: /* {"app": "dbt", "dbt_version": "1.11.11", "profile_name": "insurance", "target_name": "dev", "connection_name": "list_insurance"} */

    
    select schema_name
    from system.information_schema.schemata
    
    where lower(catalog_name) = '"insurance"'
    
  
  
[0m14:44:10.083829 [debug] [ThreadPool]: Opening a new connection, currently in state init
[0m14:44:10.104708 [debug] [ThreadPool]: SQL status: OK in 0.021 seconds
[0m14:44:10.105572 [debug] [ThreadPool]: On list_insurance: Close
[0m14:44:10.105941 [debug] [ThreadPool]: Re-using an available connection from the pool (formerly list_insurance, now create_insurance_main)
[0m14:44:10.106183 [debug] [ThreadPool]: Creating schema "database: "insurance"
schema: "main"
"
[0m14:44:10.109670 [debug] [ThreadPool]: Using duckdb connection "create_insurance_main"
[0m14:44:10.109888 [debug] [ThreadPool]: On create_insurance_main: /* {"app": "dbt", "dbt_version": "1.11.11", "profile_name": "insurance", "target_name": "dev", "connection_name": "create_insurance_main"} */

    
        select type from duckdb_databases()
        where lower(database_name)='insurance'
        and type='sqlite'
    
  
[0m14:44:10.110058 [debug] [ThreadPool]: Opening a new connection, currently in state closed
[0m14:44:10.111019 [debug] [ThreadPool]: SQL status: OK in 0.001 seconds
[0m14:44:10.111776 [debug] [ThreadPool]: Using duckdb connection "create_insurance_main"
[0m14:44:10.111987 [debug] [ThreadPool]: On create_insurance_main: BEGIN
[0m14:44:10.112246 [debug] [ThreadPool]: SQL status: OK in 0.000 seconds
[0m14:44:10.112405 [debug] [ThreadPool]: Using duckdb connection "create_insurance_main"
[0m14:44:10.112561 [debug] [ThreadPool]: On create_insurance_main: /* {"app": "dbt", "dbt_version": "1.11.11", "profile_name": "insurance", "target_name": "dev", "connection_name": "create_insurance_main"} */

    
    
        create schema if not exists "insurance"."main"
    
[0m14:44:10.113032 [debug] [ThreadPool]: SQL status: OK in 0.000 seconds
[0m14:44:10.113463 [debug] [ThreadPool]: On create_insurance_main: COMMIT
[0m14:44:10.113629 [debug] [ThreadPool]: Using duckdb connection "create_insurance_main"
[0m14:44:10.113781 [debug] [ThreadPool]: On create_insurance_main: COMMIT
[0m14:44:10.114033 [debug] [ThreadPool]: SQL status: OK in 0.000 seconds
[0m14:44:10.114241 [debug] [ThreadPool]: On create_insurance_main: Close
[0m14:44:10.116787 [debug] [ThreadPool]: Re-using an available connection from the pool (formerly create_insurance_main, now list_insurance_main)
[0m14:44:10.119572 [debug] [ThreadPool]: Using duckdb connection "list_insurance_main"
[0m14:44:10.120588 [debug] [ThreadPool]: On list_insurance_main: BEGIN
[0m14:44:10.120753 [debug] [ThreadPool]: Opening a new connection, currently in state closed
[0m14:44:10.121052 [debug] [ThreadPool]: SQL status: OK in 0.000 seconds
[0m14:44:10.121210 [debug] [ThreadPool]: Using duckdb connection "list_insurance_main"
[0m14:44:10.121372 [debug] [ThreadPool]: On list_insurance_main: /* {"app": "dbt", "dbt_version": "1.11.11", "profile_name": "insurance", "target_name": "dev", "connection_name": "list_insurance_main"} */
select
      'insurance' as database,
      table_name as name,
      table_schema as schema,
      CASE table_type
        WHEN 'BASE TABLE' THEN 'table'
        WHEN 'VIEW' THEN 'view'
        WHEN 'LOCAL TEMPORARY' THEN 'table'
        END as type
    from system.information_schema.tables
    where lower(table_schema) = 'main'
    and lower(table_catalog) = 'insurance'
  
[0m14:44:10.124478 [debug] [ThreadPool]: SQL status: OK in 0.003 seconds
[0m14:44:10.125414 [debug] [ThreadPool]: On list_insurance_main: ROLLBACK
[0m14:44:10.126352 [debug] [ThreadPool]: Failed to rollback 'list_insurance_main'
[0m14:44:10.126542 [debug] [ThreadPool]: On list_insurance_main: Close
[0m14:44:10.127419 [debug] [MainThread]: Sending event: {'category': 'dbt', 'action': 'runnable_timing', 'label': '64bea5ab-4498-440f-99a5-a3da6397152f', 'context': [<snowplow_tracker.self_describing_json.SelfDescribingJson object at 0x1026c3260>]}
[0m14:44:10.127667 [debug] [MainThread]: Using duckdb connection "master"
[0m14:44:10.127819 [debug] [MainThread]: On master: BEGIN
[0m14:44:10.127956 [debug] [MainThread]: Opening a new connection, currently in state init
[0m14:44:10.128213 [debug] [MainThread]: SQL status: OK in 0.000 seconds
[0m14:44:10.128369 [debug] [MainThread]: On master: COMMIT
[0m14:44:10.128512 [debug] [MainThread]: Using duckdb connection "master"
[0m14:44:10.128653 [debug] [MainThread]: On master: COMMIT
[0m14:44:10.128905 [debug] [MainThread]: SQL status: OK in 0.000 seconds
[0m14:44:10.129122 [debug] [MainThread]: On master: Close
[0m14:44:10.130358 [debug] [Thread-1 (]: Began running node model.insurance.dim_date
[0m14:44:10.130640 [info ] [Thread-1 (]: 1 of 1 START sql table model main.dim_date ..................................... [RUN]
[0m14:44:10.130878 [debug] [Thread-1 (]: Re-using an available connection from the pool (formerly list_insurance_main, now model.insurance.dim_date)
[0m14:44:10.131067 [debug] [Thread-1 (]: Began compiling node model.insurance.dim_date
[0m14:44:10.134867 [debug] [Thread-1 (]: Writing injected SQL for node "model.insurance.dim_date"
[0m14:44:10.135305 [debug] [Thread-1 (]: Began executing node model.insurance.dim_date
[0m14:44:10.152182 [debug] [Thread-1 (]: Writing runtime sql for node "model.insurance.dim_date"
[0m14:44:10.152703 [debug] [Thread-1 (]: Using duckdb connection "model.insurance.dim_date"
[0m14:44:10.152908 [debug] [Thread-1 (]: On model.insurance.dim_date: BEGIN
[0m14:44:10.153095 [debug] [Thread-1 (]: Opening a new connection, currently in state closed
[0m14:44:10.153472 [debug] [Thread-1 (]: SQL status: OK in 0.000 seconds
[0m14:44:10.153651 [debug] [Thread-1 (]: Using duckdb connection "model.insurance.dim_date"
[0m14:44:10.153830 [debug] [Thread-1 (]: On model.insurance.dim_date: /* {"app": "dbt", "dbt_version": "1.11.11", "profile_name": "insurance", "target_name": "dev", "node_id": "model.insurance.dim_date"} */

  
    
    

    create  table
      "insurance"."main"."dim_date__dbt_tmp"
  
    as (
      select distinct
    claim_date                          as date_day,
    extract(year    from claim_date)    as year,
    extract(month   from claim_date)    as month,
    extract(quarter from claim_date)    as quarter,
    dayname(claim_date)                 as day_of_week
from "insurance"."main"."stg_claims"
order by date_day
    );
  
  
[0m14:44:10.163010 [debug] [Thread-1 (]: SQL status: OK in 0.009 seconds
[0m14:44:10.166305 [debug] [Thread-1 (]: Using duckdb connection "model.insurance.dim_date"
[0m14:44:10.166524 [debug] [Thread-1 (]: On model.insurance.dim_date: /* {"app": "dbt", "dbt_version": "1.11.11", "profile_name": "insurance", "target_name": "dev", "node_id": "model.insurance.dim_date"} */
alter table "insurance"."main"."dim_date__dbt_tmp" rename to "dim_date"
[0m14:44:10.167106 [debug] [Thread-1 (]: SQL status: OK in 0.000 seconds
[0m14:44:10.174717 [debug] [Thread-1 (]: On model.insurance.dim_date: COMMIT
[0m14:44:10.174949 [debug] [Thread-1 (]: Using duckdb connection "model.insurance.dim_date"
[0m14:44:10.175128 [debug] [Thread-1 (]: On model.insurance.dim_date: COMMIT
[0m14:44:10.175687 [debug] [Thread-1 (]: SQL status: OK in 0.000 seconds
[0m14:44:10.178426 [debug] [Thread-1 (]: Using duckdb connection "model.insurance.dim_date"
[0m14:44:10.178662 [debug] [Thread-1 (]: On model.insurance.dim_date: /* {"app": "dbt", "dbt_version": "1.11.11", "profile_name": "insurance", "target_name": "dev", "node_id": "model.insurance.dim_date"} */

      drop table if exists "insurance"."main"."dim_date__dbt_backup" cascade
    
[0m14:44:10.179000 [debug] [Thread-1 (]: SQL status: OK in 0.000 seconds
[0m14:44:10.180202 [debug] [Thread-1 (]: On model.insurance.dim_date: Close
[0m14:44:10.181219 [debug] [Thread-1 (]: Sending event: {'category': 'dbt', 'action': 'run_model', 'label': '64bea5ab-4498-440f-99a5-a3da6397152f', 'context': [<snowplow_tracker.self_describing_json.SelfDescribingJson object at 0x1059cf350>]}
[0m14:44:10.181570 [info ] [Thread-1 (]: 1 of 1 OK created sql table model main.dim_date ................................ [[32mOK[0m in 0.05s]
[0m14:44:10.181869 [debug] [Thread-1 (]: Finished running node model.insurance.dim_date
[0m14:44:10.182422 [debug] [MainThread]: Using duckdb connection "master"
[0m14:44:10.182590 [debug] [MainThread]: On master: BEGIN
[0m14:44:10.182733 [debug] [MainThread]: Opening a new connection, currently in state closed
[0m14:44:10.183003 [debug] [MainThread]: SQL status: OK in 0.000 seconds
[0m14:44:10.183156 [debug] [MainThread]: On master: COMMIT
[0m14:44:10.183310 [debug] [MainThread]: Using duckdb connection "master"
[0m14:44:10.183450 [debug] [MainThread]: On master: COMMIT
[0m14:44:10.183683 [debug] [MainThread]: SQL status: OK in 0.000 seconds
[0m14:44:10.183859 [debug] [MainThread]: On master: Close
[0m14:44:10.184055 [debug] [MainThread]: Connection 'master' was properly closed.
[0m14:44:10.184205 [debug] [MainThread]: Connection 'model.insurance.dim_date' was properly closed.
[0m14:44:10.184363 [info ] [MainThread]: 
[0m14:44:10.184529 [info ] [MainThread]: Finished running 1 table model in 0 hours 0 minutes and 0.14 seconds (0.14s).
[0m14:44:10.184849 [debug] [MainThread]: Command end result
[0m14:44:10.232290 [debug] [MainThread]: Wrote artifact WritableManifest to /Users/ankita/insurance-platform/transform/target/manifest.json
[0m14:44:10.233409 [debug] [MainThread]: Wrote artifact SemanticManifest to /Users/ankita/insurance-platform/transform/target/semantic_manifest.json
[0m14:44:10.236271 [debug] [MainThread]: Wrote artifact RunExecutionResult to /Users/ankita/insurance-platform/transform/target/run_results.json
[0m14:44:10.236466 [info ] [MainThread]: 
[0m14:44:10.236689 [info ] [MainThread]: [32mCompleted successfully[0m
[0m14:44:10.236851 [info ] [MainThread]: 
[0m14:44:10.237026 [info ] [MainThread]: Done. PASS=1 WARN=0 ERROR=0 SKIP=0 NO-OP=0 TOTAL=1
[0m14:44:10.238819 [debug] [MainThread]: Resource report: {"command_name": "run", "command_success": true, "command_wall_clock_time": 0.653927, "process_in_blocks": "0", "process_kernel_time": 0.227933, "process_mem_max_rss": "154779648", "process_out_blocks": "0", "process_user_time": 1.183734}
[0m14:44:10.239074 [debug] [MainThread]: Command `dbt run` succeeded at 14:44:10.239032 after 0.65 seconds
[0m14:44:10.239278 [debug] [MainThread]: Sending event: {'category': 'dbt', 'action': 'invocation', 'label': 'end', 'context': [<snowplow_tracker.self_describing_json.SelfDescribingJson object at 0x104c62840>, <snowplow_tracker.self_describing_json.SelfDescribingJson object at 0x104d8b380>, <snowplow_tracker.self_describing_json.SelfDescribingJson object at 0x105190f50>]}
[0m14:44:10.239473 [debug] [MainThread]: Flushing usage events
[0m14:44:11.435546 [debug] [MainThread]: An error was encountered while trying to flush usage events
[0m14:49:13.637315 [debug] [MainThread]: Sending event: {'category': 'dbt', 'action': 'invocation', 'label': 'start', 'context': [<snowplow_tracker.self_describing_json.SelfDescribingJson object at 0x1075a49b0>, <snowplow_tracker.self_describing_json.SelfDescribingJson object at 0x1100f65d0>, <snowplow_tracker.self_describing_json.SelfDescribingJson object at 0x1100f6300>]}


============================== 14:49:13.640439 | fe712f15-bfd7-4f20-b8ba-153a902994e0 ==============================
[0m14:49:13.640439 [info ] [MainThread]: Running with dbt=1.11.11
[0m14:49:13.640803 [debug] [MainThread]: running dbt with arguments {'write_json': 'True', 'static_parser': 'True', 'warn_error_options': 'WarnErrorOptionsV2(error=[], warn=[], silence=[])', 'version_check': 'True', 'debug': 'False', 'use_colors': 'True', 'introspect': 'True', 'send_anonymous_usage_stats': 'True', 'target_path': 'None', 'invocation_command': 'dbt run --profiles-dir .', 'log_cache_events': 'False', 'partial_parse': 'True', 'no_print': 'None', 'printer_width': '80', 'log_path': '/Users/ankita/insurance-platform/transform/logs', 'quiet': 'False', 'log_format': 'default', 'warn_error': 'None', 'use_experimental_parser': 'False', 'profiles_dir': '.', 'empty': 'False', 'indirect_selection': 'eager', 'cache_selected_only': 'False', 'fail_fast': 'False'}
[0m14:49:13.826643 [debug] [MainThread]: Sending event: {'category': 'dbt', 'action': 'project_id', 'label': 'fe712f15-bfd7-4f20-b8ba-153a902994e0', 'context': [<snowplow_tracker.self_describing_json.SelfDescribingJson object at 0x1067621e0>]}
[0m14:49:13.857625 [debug] [MainThread]: Sending event: {'category': 'dbt', 'action': 'adapter_info', 'label': 'fe712f15-bfd7-4f20-b8ba-153a902994e0', 'context': [<snowplow_tracker.self_describing_json.SelfDescribingJson object at 0x10437b8f0>]}
[0m14:49:13.859049 [info ] [MainThread]: Registered adapter: duckdb=1.10.1
[0m14:49:13.922417 [debug] [MainThread]: checksum: 30a8cc8fdcbf66701b0944d4ccce3fa46dd04b61e5df68b9f16d57b2e0e3f0be, vars: {}, profile: , target: , version: 1.11.11
[0m14:49:13.989040 [debug] [MainThread]: Partial parsing enabled: 0 files deleted, 1 files added, 0 files changed.
[0m14:49:13.989398 [debug] [MainThread]: Partial parsing: added file: insurance://models/marts/fct_claims.sql
[0m14:49:14.115351 [debug] [MainThread]: Sending event: {'category': 'dbt', 'action': 'load_project', 'label': 'fe712f15-bfd7-4f20-b8ba-153a902994e0', 'context': [<snowplow_tracker.self_describing_json.SelfDescribingJson object at 0x1106c64e0>]}
[0m14:49:14.154087 [debug] [MainThread]: Wrote artifact WritableManifest to /Users/ankita/insurance-platform/transform/target/manifest.json
[0m14:49:14.156035 [debug] [MainThread]: Wrote artifact SemanticManifest to /Users/ankita/insurance-platform/transform/target/semantic_manifest.json
[0m14:49:14.195203 [debug] [MainThread]: Sending event: {'category': 'dbt', 'action': 'resource_counts', 'label': 'fe712f15-bfd7-4f20-b8ba-153a902994e0', 'context': [<snowplow_tracker.self_describing_json.SelfDescribingJson object at 0x110aa5df0>]}
[0m14:49:14.195535 [info ] [MainThread]: Found 6 models, 7 data tests, 485 macros
[0m14:49:14.195735 [debug] [MainThread]: Sending event: {'category': 'dbt', 'action': 'runnable_timing', 'label': 'fe712f15-bfd7-4f20-b8ba-153a902994e0', 'context': [<snowplow_tracker.self_describing_json.SelfDescribingJson object at 0x110aa6990>]}
[0m14:49:14.196813 [info ] [MainThread]: 
[0m14:49:14.197016 [info ] [MainThread]: Concurrency: 1 threads (target='dev')
[0m14:49:14.197172 [info ] [MainThread]: 
[0m14:49:14.197426 [debug] [MainThread]: Acquiring new duckdb connection 'master'
[0m14:49:14.199863 [debug] [ThreadPool]: Acquiring new duckdb connection 'list_insurance'
[0m14:49:14.233926 [debug] [ThreadPool]: Using duckdb connection "list_insurance"
[0m14:49:14.234226 [debug] [ThreadPool]: On list_insurance: /* {"app": "dbt", "dbt_version": "1.11.11", "profile_name": "insurance", "target_name": "dev", "connection_name": "list_insurance"} */

    
    select schema_name
    from system.information_schema.schemata
    
    where lower(catalog_name) = '"insurance"'
    
  
  
[0m14:49:14.234413 [debug] [ThreadPool]: Opening a new connection, currently in state init
[0m14:49:14.250808 [debug] [ThreadPool]: SQL status: OK in 0.016 seconds
[0m14:49:14.251823 [debug] [ThreadPool]: On list_insurance: Close
[0m14:49:14.252201 [debug] [ThreadPool]: Re-using an available connection from the pool (formerly list_insurance, now create_insurance_main)
[0m14:49:14.252448 [debug] [ThreadPool]: Creating schema "database: "insurance"
schema: "main"
"
[0m14:49:14.255937 [debug] [ThreadPool]: Using duckdb connection "create_insurance_main"
[0m14:49:14.256147 [debug] [ThreadPool]: On create_insurance_main: /* {"app": "dbt", "dbt_version": "1.11.11", "profile_name": "insurance", "target_name": "dev", "connection_name": "create_insurance_main"} */

    
        select type from duckdb_databases()
        where lower(database_name)='insurance'
        and type='sqlite'
    
  
[0m14:49:14.256309 [debug] [ThreadPool]: Opening a new connection, currently in state closed
[0m14:49:14.257002 [debug] [ThreadPool]: SQL status: OK in 0.001 seconds
[0m14:49:14.257670 [debug] [ThreadPool]: Using duckdb connection "create_insurance_main"
[0m14:49:14.257831 [debug] [ThreadPool]: On create_insurance_main: BEGIN
[0m14:49:14.258065 [debug] [ThreadPool]: SQL status: OK in 0.000 seconds
[0m14:49:14.258212 [debug] [ThreadPool]: Using duckdb connection "create_insurance_main"
[0m14:49:14.258391 [debug] [ThreadPool]: On create_insurance_main: /* {"app": "dbt", "dbt_version": "1.11.11", "profile_name": "insurance", "target_name": "dev", "connection_name": "create_insurance_main"} */

    
    
        create schema if not exists "insurance"."main"
    
[0m14:49:14.258810 [debug] [ThreadPool]: SQL status: OK in 0.000 seconds
[0m14:49:14.259323 [debug] [ThreadPool]: On create_insurance_main: COMMIT
[0m14:49:14.259512 [debug] [ThreadPool]: Using duckdb connection "create_insurance_main"
[0m14:49:14.259671 [debug] [ThreadPool]: On create_insurance_main: COMMIT
[0m14:49:14.259904 [debug] [ThreadPool]: SQL status: OK in 0.000 seconds
[0m14:49:14.260062 [debug] [ThreadPool]: On create_insurance_main: Close
[0m14:49:14.260739 [debug] [ThreadPool]: Re-using an available connection from the pool (formerly create_insurance_main, now list_insurance_main)
[0m14:49:14.263597 [debug] [ThreadPool]: Using duckdb connection "list_insurance_main"
[0m14:49:14.263791 [debug] [ThreadPool]: On list_insurance_main: BEGIN
[0m14:49:14.263944 [debug] [ThreadPool]: Opening a new connection, currently in state closed
[0m14:49:14.264220 [debug] [ThreadPool]: SQL status: OK in 0.000 seconds
[0m14:49:14.264381 [debug] [ThreadPool]: Using duckdb connection "list_insurance_main"
[0m14:49:14.264538 [debug] [ThreadPool]: On list_insurance_main: /* {"app": "dbt", "dbt_version": "1.11.11", "profile_name": "insurance", "target_name": "dev", "connection_name": "list_insurance_main"} */
select
      'insurance' as database,
      table_name as name,
      table_schema as schema,
      CASE table_type
        WHEN 'BASE TABLE' THEN 'table'
        WHEN 'VIEW' THEN 'view'
        WHEN 'LOCAL TEMPORARY' THEN 'table'
        END as type
    from system.information_schema.tables
    where lower(table_schema) = 'main'
    and lower(table_catalog) = 'insurance'
  
[0m14:49:14.267366 [debug] [ThreadPool]: SQL status: OK in 0.003 seconds
[0m14:49:14.268284 [debug] [ThreadPool]: On list_insurance_main: ROLLBACK
[0m14:49:14.269212 [debug] [ThreadPool]: Failed to rollback 'list_insurance_main'
[0m14:49:14.269385 [debug] [ThreadPool]: On list_insurance_main: Close
[0m14:49:14.270249 [debug] [MainThread]: Sending event: {'category': 'dbt', 'action': 'runnable_timing', 'label': 'fe712f15-bfd7-4f20-b8ba-153a902994e0', 'context': [<snowplow_tracker.self_describing_json.SelfDescribingJson object at 0x110ccdfd0>]}
[0m14:49:14.270489 [debug] [MainThread]: Using duckdb connection "master"
[0m14:49:14.270643 [debug] [MainThread]: On master: BEGIN
[0m14:49:14.270783 [debug] [MainThread]: Opening a new connection, currently in state init
[0m14:49:14.271051 [debug] [MainThread]: SQL status: OK in 0.000 seconds
[0m14:49:14.271212 [debug] [MainThread]: On master: COMMIT
[0m14:49:14.271359 [debug] [MainThread]: Using duckdb connection "master"
[0m14:49:14.271502 [debug] [MainThread]: On master: COMMIT
[0m14:49:14.271718 [debug] [MainThread]: SQL status: OK in 0.000 seconds
[0m14:49:14.271866 [debug] [MainThread]: On master: Close
[0m14:49:14.273071 [debug] [Thread-1 (]: Began running node model.insurance.stg_claims
[0m14:49:14.273339 [info ] [Thread-1 (]: 1 of 6 START sql table model main.stg_claims ................................... [RUN]
[0m14:49:14.273565 [debug] [Thread-1 (]: Re-using an available connection from the pool (formerly list_insurance_main, now model.insurance.stg_claims)
[0m14:49:14.273750 [debug] [Thread-1 (]: Began compiling node model.insurance.stg_claims
[0m14:49:14.277093 [debug] [Thread-1 (]: Writing injected SQL for node "model.insurance.stg_claims"
[0m14:49:14.277644 [debug] [Thread-1 (]: Began executing node model.insurance.stg_claims
[0m14:49:14.295537 [debug] [Thread-1 (]: Writing runtime sql for node "model.insurance.stg_claims"
[0m14:49:14.296069 [debug] [Thread-1 (]: Using duckdb connection "model.insurance.stg_claims"
[0m14:49:14.296266 [debug] [Thread-1 (]: On model.insurance.stg_claims: BEGIN
[0m14:49:14.296442 [debug] [Thread-1 (]: Opening a new connection, currently in state closed
[0m14:49:14.296808 [debug] [Thread-1 (]: SQL status: OK in 0.000 seconds
[0m14:49:14.296986 [debug] [Thread-1 (]: Using duckdb connection "model.insurance.stg_claims"
[0m14:49:14.297170 [debug] [Thread-1 (]: On model.insurance.stg_claims: /* {"app": "dbt", "dbt_version": "1.11.11", "profile_name": "insurance", "target_name": "dev", "node_id": "model.insurance.stg_claims"} */

  
    
    

    create  table
      "insurance"."main"."stg_claims__dbt_tmp"
  
    as (
      select
      claim_id,
      policy_id,
      claim_date,
      claim_type,
      claim_amount,
      status, 
      state,

      case
          when claim_amount < 1000  then 'small'
          when claim_amount < 10000 then 'medium'
          when claim_amount < 30000 then 'large'
          else 'catastrophic'
      end as severity_band,
  
      loaded_at

  from raw_claims
    );
  
  
[0m14:49:14.301793 [debug] [Thread-1 (]: SQL status: OK in 0.004 seconds
[0m14:49:14.304720 [debug] [Thread-1 (]: Using duckdb connection "model.insurance.stg_claims"
[0m14:49:14.304969 [debug] [Thread-1 (]: On model.insurance.stg_claims: /* {"app": "dbt", "dbt_version": "1.11.11", "profile_name": "insurance", "target_name": "dev", "node_id": "model.insurance.stg_claims"} */

    SELECT index_name
    FROM duckdb_indexes()
    WHERE schema_name = 'main'
      AND table_name = 'stg_claims'
  
[0m14:49:14.305452 [debug] [Thread-1 (]: SQL status: OK in 0.000 seconds
[0m14:49:14.306157 [debug] [Thread-1 (]: Using duckdb connection "model.insurance.stg_claims"
[0m14:49:14.306358 [debug] [Thread-1 (]: On model.insurance.stg_claims: /* {"app": "dbt", "dbt_version": "1.11.11", "profile_name": "insurance", "target_name": "dev", "node_id": "model.insurance.stg_claims"} */

    SELECT COUNT(*) as remaining_indexes
    FROM duckdb_indexes()
    WHERE schema_name = 'main'
      AND table_name = 'stg_claims'
  
[0m14:49:14.307546 [debug] [Thread-1 (]: SQL status: OK in 0.001 seconds
[0m14:49:14.311260 [debug] [Thread-1 (]: Using duckdb connection "model.insurance.stg_claims"
[0m14:49:14.311547 [debug] [Thread-1 (]: On model.insurance.stg_claims: /* {"app": "dbt", "dbt_version": "1.11.11", "profile_name": "insurance", "target_name": "dev", "node_id": "model.insurance.stg_claims"} */
alter table "insurance"."main"."stg_claims" rename to "stg_claims__dbt_backup"
[0m14:49:14.312195 [debug] [Thread-1 (]: SQL status: OK in 0.000 seconds
[0m14:49:14.313923 [debug] [Thread-1 (]: Using duckdb connection "model.insurance.stg_claims"
[0m14:49:14.314147 [debug] [Thread-1 (]: On model.insurance.stg_claims: /* {"app": "dbt", "dbt_version": "1.11.11", "profile_name": "insurance", "target_name": "dev", "node_id": "model.insurance.stg_claims"} */
alter table "insurance"."main"."stg_claims__dbt_tmp" rename to "stg_claims"
[0m14:49:14.314515 [debug] [Thread-1 (]: SQL status: OK in 0.000 seconds
[0m14:49:14.323403 [debug] [Thread-1 (]: On model.insurance.stg_claims: COMMIT
[0m14:49:14.323689 [debug] [Thread-1 (]: Using duckdb connection "model.insurance.stg_claims"
[0m14:49:14.323876 [debug] [Thread-1 (]: On model.insurance.stg_claims: COMMIT
[0m14:49:14.325081 [debug] [Thread-1 (]: SQL status: OK in 0.001 seconds
[0m14:49:14.328071 [debug] [Thread-1 (]: Using duckdb connection "model.insurance.stg_claims"
[0m14:49:14.328307 [debug] [Thread-1 (]: On model.insurance.stg_claims: /* {"app": "dbt", "dbt_version": "1.11.11", "profile_name": "insurance", "target_name": "dev", "node_id": "model.insurance.stg_claims"} */

      drop table if exists "insurance"."main"."stg_claims__dbt_backup" cascade
    
[0m14:49:14.329019 [debug] [Thread-1 (]: SQL status: OK in 0.001 seconds
[0m14:49:14.330406 [debug] [Thread-1 (]: On model.insurance.stg_claims: Close
[0m14:49:14.331425 [debug] [Thread-1 (]: Sending event: {'category': 'dbt', 'action': 'run_model', 'label': 'fe712f15-bfd7-4f20-b8ba-153a902994e0', 'context': [<snowplow_tracker.self_describing_json.SelfDescribingJson object at 0x110a3d670>]}
[0m14:49:14.331812 [info ] [Thread-1 (]: 1 of 6 OK created sql table model main.stg_claims .............................. [[32mOK[0m in 0.06s]
[0m14:49:14.332130 [debug] [Thread-1 (]: Finished running node model.insurance.stg_claims
[0m14:49:14.332348 [debug] [Thread-1 (]: Began running node model.insurance.stg_policies
[0m14:49:14.332665 [info ] [Thread-1 (]: 2 of 6 START sql table model main.stg_policies ................................. [RUN]
[0m14:49:14.332895 [debug] [Thread-1 (]: Re-using an available connection from the pool (formerly model.insurance.stg_claims, now model.insurance.stg_policies)
[0m14:49:14.333085 [debug] [Thread-1 (]: Began compiling node model.insurance.stg_policies
[0m14:49:14.334048 [debug] [Thread-1 (]: Writing injected SQL for node "model.insurance.stg_policies"
[0m14:49:14.334780 [debug] [Thread-1 (]: Began executing node model.insurance.stg_policies
[0m14:49:14.336446 [debug] [Thread-1 (]: Writing runtime sql for node "model.insurance.stg_policies"
[0m14:49:14.336841 [debug] [Thread-1 (]: Using duckdb connection "model.insurance.stg_policies"
[0m14:49:14.337036 [debug] [Thread-1 (]: On model.insurance.stg_policies: BEGIN
[0m14:49:14.337206 [debug] [Thread-1 (]: Opening a new connection, currently in state closed
[0m14:49:14.337635 [debug] [Thread-1 (]: SQL status: OK in 0.000 seconds
[0m14:49:14.337826 [debug] [Thread-1 (]: Using duckdb connection "model.insurance.stg_policies"
[0m14:49:14.338010 [debug] [Thread-1 (]: On model.insurance.stg_policies: /* {"app": "dbt", "dbt_version": "1.11.11", "profile_name": "insurance", "target_name": "dev", "node_id": "model.insurance.stg_policies"} */

  
    
    

    create  table
      "insurance"."main"."stg_policies__dbt_tmp"
  
    as (
      select
    policy_id,
    policyholder,
    state,
    product_type,
    annual_premium,
    start_date,
    status,

    case
        when annual_premium < 1000 then 'budget'
        when annual_premium < 2500 then 'standard'
        else 'premium'
    end as premium_tier,

    loaded_at
from raw_policies
    );
  
  
[0m14:49:14.339592 [debug] [Thread-1 (]: SQL status: OK in 0.001 seconds
[0m14:49:14.340185 [debug] [Thread-1 (]: Using duckdb connection "model.insurance.stg_policies"
[0m14:49:14.340369 [debug] [Thread-1 (]: On model.insurance.stg_policies: /* {"app": "dbt", "dbt_version": "1.11.11", "profile_name": "insurance", "target_name": "dev", "node_id": "model.insurance.stg_policies"} */

    SELECT index_name
    FROM duckdb_indexes()
    WHERE schema_name = 'main'
      AND table_name = 'stg_policies'
  
[0m14:49:14.340773 [debug] [Thread-1 (]: SQL status: OK in 0.000 seconds
[0m14:49:14.341396 [debug] [Thread-1 (]: Using duckdb connection "model.insurance.stg_policies"
[0m14:49:14.341575 [debug] [Thread-1 (]: On model.insurance.stg_policies: /* {"app": "dbt", "dbt_version": "1.11.11", "profile_name": "insurance", "target_name": "dev", "node_id": "model.insurance.stg_policies"} */

    SELECT COUNT(*) as remaining_indexes
    FROM duckdb_indexes()
    WHERE schema_name = 'main'
      AND table_name = 'stg_policies'
  
[0m14:49:14.341973 [debug] [Thread-1 (]: SQL status: OK in 0.000 seconds
[0m14:49:14.343685 [debug] [Thread-1 (]: Using duckdb connection "model.insurance.stg_policies"
[0m14:49:14.343951 [debug] [Thread-1 (]: On model.insurance.stg_policies: /* {"app": "dbt", "dbt_version": "1.11.11", "profile_name": "insurance", "target_name": "dev", "node_id": "model.insurance.stg_policies"} */
alter table "insurance"."main"."stg_policies" rename to "stg_policies__dbt_backup"
[0m14:49:14.344351 [debug] [Thread-1 (]: SQL status: OK in 0.000 seconds
[0m14:49:14.346319 [debug] [Thread-1 (]: Using duckdb connection "model.insurance.stg_policies"
[0m14:49:14.346722 [debug] [Thread-1 (]: On model.insurance.stg_policies: /* {"app": "dbt", "dbt_version": "1.11.11", "profile_name": "insurance", "target_name": "dev", "node_id": "model.insurance.stg_policies"} */
alter table "insurance"."main"."stg_policies__dbt_tmp" rename to "stg_policies"
[0m14:49:14.347266 [debug] [Thread-1 (]: SQL status: OK in 0.000 seconds
[0m14:49:14.349282 [debug] [Thread-1 (]: On model.insurance.stg_policies: COMMIT
[0m14:49:14.349513 [debug] [Thread-1 (]: Using duckdb connection "model.insurance.stg_policies"
[0m14:49:14.349703 [debug] [Thread-1 (]: On model.insurance.stg_policies: COMMIT
[0m14:49:14.350275 [debug] [Thread-1 (]: SQL status: OK in 0.000 seconds
[0m14:49:14.351479 [debug] [Thread-1 (]: Using duckdb connection "model.insurance.stg_policies"
[0m14:49:14.351673 [debug] [Thread-1 (]: On model.insurance.stg_policies: /* {"app": "dbt", "dbt_version": "1.11.11", "profile_name": "insurance", "target_name": "dev", "node_id": "model.insurance.stg_policies"} */

      drop table if exists "insurance"."main"."stg_policies__dbt_backup" cascade
    
[0m14:49:14.352104 [debug] [Thread-1 (]: SQL status: OK in 0.000 seconds
[0m14:49:14.352776 [debug] [Thread-1 (]: On model.insurance.stg_policies: Close
[0m14:49:14.353062 [debug] [Thread-1 (]: Sending event: {'category': 'dbt', 'action': 'run_model', 'label': 'fe712f15-bfd7-4f20-b8ba-153a902994e0', 'context': [<snowplow_tracker.self_describing_json.SelfDescribingJson object at 0x110eb78f0>]}
[0m14:49:14.353387 [info ] [Thread-1 (]: 2 of 6 OK created sql table model main.stg_policies ............................ [[32mOK[0m in 0.02s]
[0m14:49:14.353672 [debug] [Thread-1 (]: Finished running node model.insurance.stg_policies
[0m14:49:14.353877 [debug] [Thread-1 (]: Began running node model.insurance.dim_claim_type
[0m14:49:14.354204 [info ] [Thread-1 (]: 3 of 6 START sql table model main.dim_claim_type ............................... [RUN]
[0m14:49:14.354476 [debug] [Thread-1 (]: Re-using an available connection from the pool (formerly model.insurance.stg_policies, now model.insurance.dim_claim_type)
[0m14:49:14.354679 [debug] [Thread-1 (]: Began compiling node model.insurance.dim_claim_type
[0m14:49:14.356123 [debug] [Thread-1 (]: Writing injected SQL for node "model.insurance.dim_claim_type"
[0m14:49:14.356527 [debug] [Thread-1 (]: Began executing node model.insurance.dim_claim_type
[0m14:49:14.358080 [debug] [Thread-1 (]: Writing runtime sql for node "model.insurance.dim_claim_type"
[0m14:49:14.358421 [debug] [Thread-1 (]: Using duckdb connection "model.insurance.dim_claim_type"
[0m14:49:14.358615 [debug] [Thread-1 (]: On model.insurance.dim_claim_type: BEGIN
[0m14:49:14.358789 [debug] [Thread-1 (]: Opening a new connection, currently in state closed
[0m14:49:14.359232 [debug] [Thread-1 (]: SQL status: OK in 0.000 seconds
[0m14:49:14.359450 [debug] [Thread-1 (]: Using duckdb connection "model.insurance.dim_claim_type"
[0m14:49:14.359699 [debug] [Thread-1 (]: On model.insurance.dim_claim_type: /* {"app": "dbt", "dbt_version": "1.11.11", "profile_name": "insurance", "target_name": "dev", "node_id": "model.insurance.dim_claim_type"} */

  
    
    

    create  table
      "insurance"."main"."dim_claim_type__dbt_tmp"
  
    as (
      select distinct
    claim_type
from "insurance"."main"."stg_claims"
order by claim_type
    );
  
  
[0m14:49:14.362909 [debug] [Thread-1 (]: SQL status: OK in 0.003 seconds
[0m14:49:14.363557 [debug] [Thread-1 (]: Using duckdb connection "model.insurance.dim_claim_type"
[0m14:49:14.363748 [debug] [Thread-1 (]: On model.insurance.dim_claim_type: /* {"app": "dbt", "dbt_version": "1.11.11", "profile_name": "insurance", "target_name": "dev", "node_id": "model.insurance.dim_claim_type"} */

    SELECT index_name
    FROM duckdb_indexes()
    WHERE schema_name = 'main'
      AND table_name = 'dim_claim_type'
  
[0m14:49:14.364159 [debug] [Thread-1 (]: SQL status: OK in 0.000 seconds
[0m14:49:14.364777 [debug] [Thread-1 (]: Using duckdb connection "model.insurance.dim_claim_type"
[0m14:49:14.364959 [debug] [Thread-1 (]: On model.insurance.dim_claim_type: /* {"app": "dbt", "dbt_version": "1.11.11", "profile_name": "insurance", "target_name": "dev", "node_id": "model.insurance.dim_claim_type"} */

    SELECT COUNT(*) as remaining_indexes
    FROM duckdb_indexes()
    WHERE schema_name = 'main'
      AND table_name = 'dim_claim_type'
  
[0m14:49:14.365354 [debug] [Thread-1 (]: SQL status: OK in 0.000 seconds
[0m14:49:14.367025 [debug] [Thread-1 (]: Using duckdb connection "model.insurance.dim_claim_type"
[0m14:49:14.367224 [debug] [Thread-1 (]: On model.insurance.dim_claim_type: /* {"app": "dbt", "dbt_version": "1.11.11", "profile_name": "insurance", "target_name": "dev", "node_id": "model.insurance.dim_claim_type"} */
alter table "insurance"."main"."dim_claim_type" rename to "dim_claim_type__dbt_backup"
[0m14:49:14.367551 [debug] [Thread-1 (]: SQL status: OK in 0.000 seconds
[0m14:49:14.368951 [debug] [Thread-1 (]: Using duckdb connection "model.insurance.dim_claim_type"
[0m14:49:14.369138 [debug] [Thread-1 (]: On model.insurance.dim_claim_type: /* {"app": "dbt", "dbt_version": "1.11.11", "profile_name": "insurance", "target_name": "dev", "node_id": "model.insurance.dim_claim_type"} */
alter table "insurance"."main"."dim_claim_type__dbt_tmp" rename to "dim_claim_type"
[0m14:49:14.369431 [debug] [Thread-1 (]: SQL status: OK in 0.000 seconds
[0m14:49:14.370296 [debug] [Thread-1 (]: On model.insurance.dim_claim_type: COMMIT
[0m14:49:14.370475 [debug] [Thread-1 (]: Using duckdb connection "model.insurance.dim_claim_type"
[0m14:49:14.370704 [debug] [Thread-1 (]: On model.insurance.dim_claim_type: COMMIT
[0m14:49:14.371121 [debug] [Thread-1 (]: SQL status: OK in 0.000 seconds
[0m14:49:14.372201 [debug] [Thread-1 (]: Using duckdb connection "model.insurance.dim_claim_type"
[0m14:49:14.372384 [debug] [Thread-1 (]: On model.insurance.dim_claim_type: /* {"app": "dbt", "dbt_version": "1.11.11", "profile_name": "insurance", "target_name": "dev", "node_id": "model.insurance.dim_claim_type"} */

      drop table if exists "insurance"."main"."dim_claim_type__dbt_backup" cascade
    
[0m14:49:14.372759 [debug] [Thread-1 (]: SQL status: OK in 0.000 seconds
[0m14:49:14.373422 [debug] [Thread-1 (]: On model.insurance.dim_claim_type: Close
[0m14:49:14.373701 [debug] [Thread-1 (]: Sending event: {'category': 'dbt', 'action': 'run_model', 'label': 'fe712f15-bfd7-4f20-b8ba-153a902994e0', 'context': [<snowplow_tracker.self_describing_json.SelfDescribingJson object at 0x110b9e6f0>]}
[0m14:49:14.374016 [info ] [Thread-1 (]: 3 of 6 OK created sql table model main.dim_claim_type .......................... [[32mOK[0m in 0.02s]
[0m14:49:14.374298 [debug] [Thread-1 (]: Finished running node model.insurance.dim_claim_type
[0m14:49:14.374501 [debug] [Thread-1 (]: Began running node model.insurance.dim_date
[0m14:49:14.374772 [info ] [Thread-1 (]: 4 of 6 START sql table model main.dim_date ..................................... [RUN]
[0m14:49:14.375020 [debug] [Thread-1 (]: Re-using an available connection from the pool (formerly model.insurance.dim_claim_type, now model.insurance.dim_date)
[0m14:49:14.375218 [debug] [Thread-1 (]: Began compiling node model.insurance.dim_date
[0m14:49:14.376657 [debug] [Thread-1 (]: Writing injected SQL for node "model.insurance.dim_date"
[0m14:49:14.377257 [debug] [Thread-1 (]: Began executing node model.insurance.dim_date
[0m14:49:14.379051 [debug] [Thread-1 (]: Writing runtime sql for node "model.insurance.dim_date"
[0m14:49:14.379698 [debug] [Thread-1 (]: Using duckdb connection "model.insurance.dim_date"
[0m14:49:14.379898 [debug] [Thread-1 (]: On model.insurance.dim_date: BEGIN
[0m14:49:14.380071 [debug] [Thread-1 (]: Opening a new connection, currently in state closed
[0m14:49:14.380442 [debug] [Thread-1 (]: SQL status: OK in 0.000 seconds
[0m14:49:14.380614 [debug] [Thread-1 (]: Using duckdb connection "model.insurance.dim_date"
[0m14:49:14.380833 [debug] [Thread-1 (]: On model.insurance.dim_date: /* {"app": "dbt", "dbt_version": "1.11.11", "profile_name": "insurance", "target_name": "dev", "node_id": "model.insurance.dim_date"} */

  
    
    

    create  table
      "insurance"."main"."dim_date__dbt_tmp"
  
    as (
      select distinct
    claim_date                          as date_day,
    extract(year    from claim_date)    as year,
    extract(month   from claim_date)    as month,
    extract(quarter from claim_date)    as quarter,
    dayname(claim_date)                 as day_of_week
from "insurance"."main"."stg_claims"
order by date_day
    );
  
  
[0m14:49:14.384136 [debug] [Thread-1 (]: SQL status: OK in 0.003 seconds
[0m14:49:14.384773 [debug] [Thread-1 (]: Using duckdb connection "model.insurance.dim_date"
[0m14:49:14.384963 [debug] [Thread-1 (]: On model.insurance.dim_date: /* {"app": "dbt", "dbt_version": "1.11.11", "profile_name": "insurance", "target_name": "dev", "node_id": "model.insurance.dim_date"} */

    SELECT index_name
    FROM duckdb_indexes()
    WHERE schema_name = 'main'
      AND table_name = 'dim_date'
  
[0m14:49:14.385357 [debug] [Thread-1 (]: SQL status: OK in 0.000 seconds
[0m14:49:14.385996 [debug] [Thread-1 (]: Using duckdb connection "model.insurance.dim_date"
[0m14:49:14.386175 [debug] [Thread-1 (]: On model.insurance.dim_date: /* {"app": "dbt", "dbt_version": "1.11.11", "profile_name": "insurance", "target_name": "dev", "node_id": "model.insurance.dim_date"} */

    SELECT COUNT(*) as remaining_indexes
    FROM duckdb_indexes()
    WHERE schema_name = 'main'
      AND table_name = 'dim_date'
  
[0m14:49:14.386560 [debug] [Thread-1 (]: SQL status: OK in 0.000 seconds
[0m14:49:14.388256 [debug] [Thread-1 (]: Using duckdb connection "model.insurance.dim_date"
[0m14:49:14.388465 [debug] [Thread-1 (]: On model.insurance.dim_date: /* {"app": "dbt", "dbt_version": "1.11.11", "profile_name": "insurance", "target_name": "dev", "node_id": "model.insurance.dim_date"} */
alter table "insurance"."main"."dim_date" rename to "dim_date__dbt_backup"
[0m14:49:14.388800 [debug] [Thread-1 (]: SQL status: OK in 0.000 seconds
[0m14:49:14.390183 [debug] [Thread-1 (]: Using duckdb connection "model.insurance.dim_date"
[0m14:49:14.390370 [debug] [Thread-1 (]: On model.insurance.dim_date: /* {"app": "dbt", "dbt_version": "1.11.11", "profile_name": "insurance", "target_name": "dev", "node_id": "model.insurance.dim_date"} */
alter table "insurance"."main"."dim_date__dbt_tmp" rename to "dim_date"
[0m14:49:14.390653 [debug] [Thread-1 (]: SQL status: OK in 0.000 seconds
[0m14:49:14.392501 [debug] [Thread-1 (]: On model.insurance.dim_date: COMMIT
[0m14:49:14.392727 [debug] [Thread-1 (]: Using duckdb connection "model.insurance.dim_date"
[0m14:49:14.392968 [debug] [Thread-1 (]: On model.insurance.dim_date: COMMIT
[0m14:49:14.393452 [debug] [Thread-1 (]: SQL status: OK in 0.000 seconds
[0m14:49:14.394787 [debug] [Thread-1 (]: Using duckdb connection "model.insurance.dim_date"
[0m14:49:14.395013 [debug] [Thread-1 (]: On model.insurance.dim_date: /* {"app": "dbt", "dbt_version": "1.11.11", "profile_name": "insurance", "target_name": "dev", "node_id": "model.insurance.dim_date"} */

      drop table if exists "insurance"."main"."dim_date__dbt_backup" cascade
    
[0m14:49:14.395661 [debug] [Thread-1 (]: SQL status: OK in 0.000 seconds
[0m14:49:14.396529 [debug] [Thread-1 (]: On model.insurance.dim_date: Close
[0m14:49:14.396845 [debug] [Thread-1 (]: Sending event: {'category': 'dbt', 'action': 'run_model', 'label': 'fe712f15-bfd7-4f20-b8ba-153a902994e0', 'context': [<snowplow_tracker.self_describing_json.SelfDescribingJson object at 0x110ede600>]}
[0m14:49:14.397169 [info ] [Thread-1 (]: 4 of 6 OK created sql table model main.dim_date ................................ [[32mOK[0m in 0.02s]
[0m14:49:14.397457 [debug] [Thread-1 (]: Finished running node model.insurance.dim_date
[0m14:49:14.397663 [debug] [Thread-1 (]: Began running node model.insurance.fct_claims
[0m14:49:14.397884 [info ] [Thread-1 (]: 5 of 6 START sql table model main.fct_claims ................................... [RUN]
[0m14:49:14.398130 [debug] [Thread-1 (]: Re-using an available connection from the pool (formerly model.insurance.dim_date, now model.insurance.fct_claims)
[0m14:49:14.398314 [debug] [Thread-1 (]: Began compiling node model.insurance.fct_claims
[0m14:49:14.399747 [debug] [Thread-1 (]: Writing injected SQL for node "model.insurance.fct_claims"
[0m14:49:14.400149 [debug] [Thread-1 (]: Began executing node model.insurance.fct_claims
[0m14:49:14.401735 [debug] [Thread-1 (]: Writing runtime sql for node "model.insurance.fct_claims"
[0m14:49:14.402080 [debug] [Thread-1 (]: Using duckdb connection "model.insurance.fct_claims"
[0m14:49:14.402257 [debug] [Thread-1 (]: On model.insurance.fct_claims: BEGIN
[0m14:49:14.402421 [debug] [Thread-1 (]: Opening a new connection, currently in state closed
[0m14:49:14.402801 [debug] [Thread-1 (]: SQL status: OK in 0.000 seconds
[0m14:49:14.403024 [debug] [Thread-1 (]: Using duckdb connection "model.insurance.fct_claims"
[0m14:49:14.403220 [debug] [Thread-1 (]: On model.insurance.fct_claims: /* {"app": "dbt", "dbt_version": "1.11.11", "profile_name": "insurance", "target_name": "dev", "node_id": "model.insurance.fct_claims"} */

  
    
    

    create  table
      "insurance"."main"."fct_claims__dbt_tmp"
  
    as (
      select
    claim_id,                       -- the fact's own key (one row per claim)

    -- foreign keys -> dimensions
    policy_id,                      -- joins to dim_policy
    claim_type,                     -- joins to dim_claim_type
    claim_date,                     -- joins to dim_date

    -- measures (the numbers we analyze)
    claim_amount,
    severity_band,

    status
from "insurance"."main"."stg_claims"
    );
  
  
[0m14:49:14.404157 [debug] [Thread-1 (]: SQL status: OK in 0.001 seconds
[0m14:49:14.405772 [debug] [Thread-1 (]: Using duckdb connection "model.insurance.fct_claims"
[0m14:49:14.405968 [debug] [Thread-1 (]: On model.insurance.fct_claims: /* {"app": "dbt", "dbt_version": "1.11.11", "profile_name": "insurance", "target_name": "dev", "node_id": "model.insurance.fct_claims"} */
alter table "insurance"."main"."fct_claims__dbt_tmp" rename to "fct_claims"
[0m14:49:14.406311 [debug] [Thread-1 (]: SQL status: OK in 0.000 seconds
[0m14:49:14.407089 [debug] [Thread-1 (]: On model.insurance.fct_claims: COMMIT
[0m14:49:14.407271 [debug] [Thread-1 (]: Using duckdb connection "model.insurance.fct_claims"
[0m14:49:14.407435 [debug] [Thread-1 (]: On model.insurance.fct_claims: COMMIT
[0m14:49:14.408132 [debug] [Thread-1 (]: SQL status: OK in 0.001 seconds
[0m14:49:14.409208 [debug] [Thread-1 (]: Using duckdb connection "model.insurance.fct_claims"
[0m14:49:14.409445 [debug] [Thread-1 (]: On model.insurance.fct_claims: /* {"app": "dbt", "dbt_version": "1.11.11", "profile_name": "insurance", "target_name": "dev", "node_id": "model.insurance.fct_claims"} */

      drop table if exists "insurance"."main"."fct_claims__dbt_backup" cascade
    
[0m14:49:14.409774 [debug] [Thread-1 (]: SQL status: OK in 0.000 seconds
[0m14:49:14.410481 [debug] [Thread-1 (]: On model.insurance.fct_claims: Close
[0m14:49:14.410795 [debug] [Thread-1 (]: Sending event: {'category': 'dbt', 'action': 'run_model', 'label': 'fe712f15-bfd7-4f20-b8ba-153a902994e0', 'context': [<snowplow_tracker.self_describing_json.SelfDescribingJson object at 0x1108ad070>]}
[0m14:49:14.411131 [info ] [Thread-1 (]: 5 of 6 OK created sql table model main.fct_claims .............................. [[32mOK[0m in 0.01s]
[0m14:49:14.411417 [debug] [Thread-1 (]: Finished running node model.insurance.fct_claims
[0m14:49:14.411622 [debug] [Thread-1 (]: Began running node model.insurance.dim_policy
[0m14:49:14.411875 [info ] [Thread-1 (]: 6 of 6 START sql table model main.dim_policy ................................... [RUN]
[0m14:49:14.412225 [debug] [Thread-1 (]: Re-using an available connection from the pool (formerly model.insurance.fct_claims, now model.insurance.dim_policy)
[0m14:49:14.412570 [debug] [Thread-1 (]: Began compiling node model.insurance.dim_policy
[0m14:49:14.414204 [debug] [Thread-1 (]: Writing injected SQL for node "model.insurance.dim_policy"
[0m14:49:14.414841 [debug] [Thread-1 (]: Began executing node model.insurance.dim_policy
[0m14:49:14.416478 [debug] [Thread-1 (]: Writing runtime sql for node "model.insurance.dim_policy"
[0m14:49:14.416833 [debug] [Thread-1 (]: Using duckdb connection "model.insurance.dim_policy"
[0m14:49:14.417017 [debug] [Thread-1 (]: On model.insurance.dim_policy: BEGIN
[0m14:49:14.417186 [debug] [Thread-1 (]: Opening a new connection, currently in state closed
[0m14:49:14.417578 [debug] [Thread-1 (]: SQL status: OK in 0.000 seconds
[0m14:49:14.417770 [debug] [Thread-1 (]: Using duckdb connection "model.insurance.dim_policy"
[0m14:49:14.417978 [debug] [Thread-1 (]: On model.insurance.dim_policy: /* {"app": "dbt", "dbt_version": "1.11.11", "profile_name": "insurance", "target_name": "dev", "node_id": "model.insurance.dim_policy"} */

  
    
    

    create  table
      "insurance"."main"."dim_policy__dbt_tmp"
  
    as (
      select
    policy_id,          -- the key other tables join to
    policyholder,
    state,
    product_type,
    premium_tier,
    annual_premium,
    status
from "insurance"."main"."stg_policies"
    );
  
  
[0m14:49:14.418723 [debug] [Thread-1 (]: SQL status: OK in 0.001 seconds
[0m14:49:14.419317 [debug] [Thread-1 (]: Using duckdb connection "model.insurance.dim_policy"
[0m14:49:14.419505 [debug] [Thread-1 (]: On model.insurance.dim_policy: /* {"app": "dbt", "dbt_version": "1.11.11", "profile_name": "insurance", "target_name": "dev", "node_id": "model.insurance.dim_policy"} */

    SELECT index_name
    FROM duckdb_indexes()
    WHERE schema_name = 'main'
      AND table_name = 'dim_policy'
  
[0m14:49:14.419905 [debug] [Thread-1 (]: SQL status: OK in 0.000 seconds
[0m14:49:14.420557 [debug] [Thread-1 (]: Using duckdb connection "model.insurance.dim_policy"
[0m14:49:14.420756 [debug] [Thread-1 (]: On model.insurance.dim_policy: /* {"app": "dbt", "dbt_version": "1.11.11", "profile_name": "insurance", "target_name": "dev", "node_id": "model.insurance.dim_policy"} */

    SELECT COUNT(*) as remaining_indexes
    FROM duckdb_indexes()
    WHERE schema_name = 'main'
      AND table_name = 'dim_policy'
  
[0m14:49:14.421232 [debug] [Thread-1 (]: SQL status: OK in 0.000 seconds
[0m14:49:14.422933 [debug] [Thread-1 (]: Using duckdb connection "model.insurance.dim_policy"
[0m14:49:14.423130 [debug] [Thread-1 (]: On model.insurance.dim_policy: /* {"app": "dbt", "dbt_version": "1.11.11", "profile_name": "insurance", "target_name": "dev", "node_id": "model.insurance.dim_policy"} */
alter table "insurance"."main"."dim_policy" rename to "dim_policy__dbt_backup"
[0m14:49:14.423455 [debug] [Thread-1 (]: SQL status: OK in 0.000 seconds
[0m14:49:14.424846 [debug] [Thread-1 (]: Using duckdb connection "model.insurance.dim_policy"
[0m14:49:14.425042 [debug] [Thread-1 (]: On model.insurance.dim_policy: /* {"app": "dbt", "dbt_version": "1.11.11", "profile_name": "insurance", "target_name": "dev", "node_id": "model.insurance.dim_policy"} */
alter table "insurance"."main"."dim_policy__dbt_tmp" rename to "dim_policy"
[0m14:49:14.425334 [debug] [Thread-1 (]: SQL status: OK in 0.000 seconds
[0m14:49:14.426240 [debug] [Thread-1 (]: On model.insurance.dim_policy: COMMIT
[0m14:49:14.426445 [debug] [Thread-1 (]: Using duckdb connection "model.insurance.dim_policy"
[0m14:49:14.426619 [debug] [Thread-1 (]: On model.insurance.dim_policy: COMMIT
[0m14:49:14.427164 [debug] [Thread-1 (]: SQL status: OK in 0.000 seconds
[0m14:49:14.428446 [debug] [Thread-1 (]: Using duckdb connection "model.insurance.dim_policy"
[0m14:49:14.428672 [debug] [Thread-1 (]: On model.insurance.dim_policy: /* {"app": "dbt", "dbt_version": "1.11.11", "profile_name": "insurance", "target_name": "dev", "node_id": "model.insurance.dim_policy"} */

      drop table if exists "insurance"."main"."dim_policy__dbt_backup" cascade
    
[0m14:49:14.429332 [debug] [Thread-1 (]: SQL status: OK in 0.000 seconds
[0m14:49:14.430211 [debug] [Thread-1 (]: On model.insurance.dim_policy: Close
[0m14:49:14.430518 [debug] [Thread-1 (]: Sending event: {'category': 'dbt', 'action': 'run_model', 'label': 'fe712f15-bfd7-4f20-b8ba-153a902994e0', 'context': [<snowplow_tracker.self_describing_json.SelfDescribingJson object at 0x110db8800>]}
[0m14:49:14.430844 [info ] [Thread-1 (]: 6 of 6 OK created sql table model main.dim_policy .............................. [[32mOK[0m in 0.02s]
[0m14:49:14.431129 [debug] [Thread-1 (]: Finished running node model.insurance.dim_policy
[0m14:49:14.431705 [debug] [MainThread]: Using duckdb connection "master"
[0m14:49:14.431886 [debug] [MainThread]: On master: BEGIN
[0m14:49:14.432032 [debug] [MainThread]: Opening a new connection, currently in state closed
[0m14:49:14.432326 [debug] [MainThread]: SQL status: OK in 0.000 seconds
[0m14:49:14.432480 [debug] [MainThread]: On master: COMMIT
[0m14:49:14.432624 [debug] [MainThread]: Using duckdb connection "master"
[0m14:49:14.432762 [debug] [MainThread]: On master: COMMIT
[0m14:49:14.432980 [debug] [MainThread]: SQL status: OK in 0.000 seconds
[0m14:49:14.433125 [debug] [MainThread]: On master: Close
[0m14:49:14.433311 [debug] [MainThread]: Connection 'master' was properly closed.
[0m14:49:14.433455 [debug] [MainThread]: Connection 'model.insurance.dim_policy' was properly closed.
[0m14:49:14.433643 [info ] [MainThread]: 
[0m14:49:14.433810 [info ] [MainThread]: Finished running 6 table models in 0 hours 0 minutes and 0.24 seconds (0.24s).
[0m14:49:14.434391 [debug] [MainThread]: Command end result
[0m14:49:14.450312 [debug] [MainThread]: Wrote artifact WritableManifest to /Users/ankita/insurance-platform/transform/target/manifest.json
[0m14:49:14.451388 [debug] [MainThread]: Wrote artifact SemanticManifest to /Users/ankita/insurance-platform/transform/target/semantic_manifest.json
[0m14:49:14.454380 [debug] [MainThread]: Wrote artifact RunExecutionResult to /Users/ankita/insurance-platform/transform/target/run_results.json
[0m14:49:14.454588 [info ] [MainThread]: 
[0m14:49:14.454797 [info ] [MainThread]: [32mCompleted successfully[0m
[0m14:49:14.454958 [info ] [MainThread]: 
[0m14:49:14.455134 [info ] [MainThread]: Done. PASS=6 WARN=0 ERROR=0 SKIP=0 NO-OP=0 TOTAL=6
[0m14:49:14.456996 [debug] [MainThread]: Resource report: {"command_name": "run", "command_success": true, "command_wall_clock_time": 0.8643319, "process_in_blocks": "0", "process_kernel_time": 0.241172, "process_mem_max_rss": "159285248", "process_out_blocks": "0", "process_user_time": 1.389635}
[0m14:49:14.457244 [debug] [MainThread]: Command `dbt run` succeeded at 14:49:14.457203 after 0.86 seconds
[0m14:49:14.457437 [debug] [MainThread]: Sending event: {'category': 'dbt', 'action': 'invocation', 'label': 'end', 'context': [<snowplow_tracker.self_describing_json.SelfDescribingJson object at 0x1075a49b0>, <snowplow_tracker.self_describing_json.SelfDescribingJson object at 0x1070e1f70>, <snowplow_tracker.self_describing_json.SelfDescribingJson object at 0x110690230>]}
[0m14:49:14.457627 [debug] [MainThread]: Flushing usage events
[0m14:49:15.962153 [debug] [MainThread]: An error was encountered while trying to flush usage events
[0m16:06:17.995319 [debug] [MainThread]: Sending event: {'category': 'dbt', 'action': 'invocation', 'label': 'start', 'context': [<snowplow_tracker.self_describing_json.SelfDescribingJson object at 0x106bf5ac0>, <snowplow_tracker.self_describing_json.SelfDescribingJson object at 0x110bfa600>, <snowplow_tracker.self_describing_json.SelfDescribingJson object at 0x110bfa300>]}


============================== 16:06:17.998392 | f2c821f5-63ec-439b-9b20-8ecdd694d366 ==============================
[0m16:06:17.998392 [info ] [MainThread]: Running with dbt=1.11.11
[0m16:06:17.998752 [debug] [MainThread]: running dbt with arguments {'version_check': 'True', 'cache_selected_only': 'False', 'log_format': 'default', 'log_cache_events': 'False', 'debug': 'False', 'send_anonymous_usage_stats': 'True', 'profiles_dir': '.', 'introspect': 'True', 'quiet': 'False', 'warn_error': 'None', 'log_path': '/Users/ankita/insurance-platform/transform/logs', 'invocation_command': 'dbt run --profiles-dir .', 'write_json': 'True', 'target_path': 'None', 'no_print': 'None', 'fail_fast': 'False', 'printer_width': '80', 'warn_error_options': 'WarnErrorOptionsV2(error=[], warn=[], silence=[])', 'partial_parse': 'True', 'use_experimental_parser': 'False', 'empty': 'False', 'static_parser': 'True', 'use_colors': 'True', 'indirect_selection': 'eager'}
[0m16:06:18.209552 [debug] [MainThread]: Sending event: {'category': 'dbt', 'action': 'project_id', 'label': 'f2c821f5-63ec-439b-9b20-8ecdd694d366', 'context': [<snowplow_tracker.self_describing_json.SelfDescribingJson object at 0x1110ba7b0>]}
[0m16:06:18.240378 [debug] [MainThread]: Sending event: {'category': 'dbt', 'action': 'adapter_info', 'label': 'f2c821f5-63ec-439b-9b20-8ecdd694d366', 'context': [<snowplow_tracker.self_describing_json.SelfDescribingJson object at 0x110bf85c0>]}
[0m16:06:18.241926 [info ] [MainThread]: Registered adapter: duckdb=1.10.1
[0m16:06:18.305278 [debug] [MainThread]: checksum: 30a8cc8fdcbf66701b0944d4ccce3fa46dd04b61e5df68b9f16d57b2e0e3f0be, vars: {}, profile: , target: , version: 1.11.11
[0m16:06:18.374396 [debug] [MainThread]: Partial parsing enabled: 0 files deleted, 0 files added, 0 files changed.
[0m16:06:18.374691 [debug] [MainThread]: Nothing changed, skipping partial parsing.
[0m16:06:18.374864 [debug] [MainThread]: Partial parsing enabled, no changes found, skipping parsing
[0m16:06:18.394733 [debug] [MainThread]: Sending event: {'category': 'dbt', 'action': 'load_project', 'label': 'f2c821f5-63ec-439b-9b20-8ecdd694d366', 'context': [<snowplow_tracker.self_describing_json.SelfDescribingJson object at 0x1111c39e0>]}
[0m16:06:18.435392 [debug] [MainThread]: Wrote artifact WritableManifest to /Users/ankita/insurance-platform/transform/target/manifest.json
[0m16:06:18.437280 [debug] [MainThread]: Wrote artifact SemanticManifest to /Users/ankita/insurance-platform/transform/target/semantic_manifest.json
[0m16:06:18.445195 [debug] [MainThread]: Sending event: {'category': 'dbt', 'action': 'resource_counts', 'label': 'f2c821f5-63ec-439b-9b20-8ecdd694d366', 'context': [<snowplow_tracker.self_describing_json.SelfDescribingJson object at 0x111375b20>]}
[0m16:06:18.445487 [info ] [MainThread]: Found 6 models, 7 data tests, 485 macros
[0m16:06:18.445690 [debug] [MainThread]: Sending event: {'category': 'dbt', 'action': 'runnable_timing', 'label': 'f2c821f5-63ec-439b-9b20-8ecdd694d366', 'context': [<snowplow_tracker.self_describing_json.SelfDescribingJson object at 0x1072cb710>]}
[0m16:06:18.446729 [info ] [MainThread]: 
[0m16:06:18.446928 [info ] [MainThread]: Concurrency: 1 threads (target='dev')
[0m16:06:18.447094 [info ] [MainThread]: 
[0m16:06:18.447358 [debug] [MainThread]: Acquiring new duckdb connection 'master'
[0m16:06:18.449781 [debug] [ThreadPool]: Acquiring new duckdb connection 'list_insurance'
[0m16:06:18.491253 [debug] [ThreadPool]: Using duckdb connection "list_insurance"
[0m16:06:18.491545 [debug] [ThreadPool]: On list_insurance: /* {"app": "dbt", "dbt_version": "1.11.11", "profile_name": "insurance", "target_name": "dev", "connection_name": "list_insurance"} */

    
    select schema_name
    from system.information_schema.schemata
    
    where lower(catalog_name) = '"insurance"'
    
  
  
[0m16:06:18.491724 [debug] [ThreadPool]: Opening a new connection, currently in state init
[0m16:06:18.514693 [debug] [ThreadPool]: SQL status: OK in 0.023 seconds
[0m16:06:18.515884 [debug] [ThreadPool]: On list_insurance: Close
[0m16:06:18.516275 [debug] [ThreadPool]: Re-using an available connection from the pool (formerly list_insurance, now create_insurance_main)
[0m16:06:18.516522 [debug] [ThreadPool]: Creating schema "database: "insurance"
schema: "main"
"
[0m16:06:18.519974 [debug] [ThreadPool]: Using duckdb connection "create_insurance_main"
[0m16:06:18.520175 [debug] [ThreadPool]: On create_insurance_main: /* {"app": "dbt", "dbt_version": "1.11.11", "profile_name": "insurance", "target_name": "dev", "connection_name": "create_insurance_main"} */

    
        select type from duckdb_databases()
        where lower(database_name)='insurance'
        and type='sqlite'
    
  
[0m16:06:18.520340 [debug] [ThreadPool]: Opening a new connection, currently in state closed
[0m16:06:18.521335 [debug] [ThreadPool]: SQL status: OK in 0.001 seconds
[0m16:06:18.522048 [debug] [ThreadPool]: Using duckdb connection "create_insurance_main"
[0m16:06:18.522220 [debug] [ThreadPool]: On create_insurance_main: BEGIN
[0m16:06:18.522461 [debug] [ThreadPool]: SQL status: OK in 0.000 seconds
[0m16:06:18.522617 [debug] [ThreadPool]: Using duckdb connection "create_insurance_main"
[0m16:06:18.522763 [debug] [ThreadPool]: On create_insurance_main: /* {"app": "dbt", "dbt_version": "1.11.11", "profile_name": "insurance", "target_name": "dev", "connection_name": "create_insurance_main"} */

    
    
        create schema if not exists "insurance"."main"
    
[0m16:06:18.523087 [debug] [ThreadPool]: SQL status: OK in 0.000 seconds
[0m16:06:18.523603 [debug] [ThreadPool]: On create_insurance_main: COMMIT
[0m16:06:18.523786 [debug] [ThreadPool]: Using duckdb connection "create_insurance_main"
[0m16:06:18.523941 [debug] [ThreadPool]: On create_insurance_main: COMMIT
[0m16:06:18.524173 [debug] [ThreadPool]: SQL status: OK in 0.000 seconds
[0m16:06:18.524331 [debug] [ThreadPool]: On create_insurance_main: Close
[0m16:06:18.525002 [debug] [ThreadPool]: Re-using an available connection from the pool (formerly create_insurance_main, now list_insurance_main)
[0m16:06:18.527732 [debug] [ThreadPool]: Using duckdb connection "list_insurance_main"
[0m16:06:18.527920 [debug] [ThreadPool]: On list_insurance_main: BEGIN
[0m16:06:18.528069 [debug] [ThreadPool]: Opening a new connection, currently in state closed
[0m16:06:18.528332 [debug] [ThreadPool]: SQL status: OK in 0.000 seconds
[0m16:06:18.528483 [debug] [ThreadPool]: Using duckdb connection "list_insurance_main"
[0m16:06:18.528638 [debug] [ThreadPool]: On list_insurance_main: /* {"app": "dbt", "dbt_version": "1.11.11", "profile_name": "insurance", "target_name": "dev", "connection_name": "list_insurance_main"} */
select
      'insurance' as database,
      table_name as name,
      table_schema as schema,
      CASE table_type
        WHEN 'BASE TABLE' THEN 'table'
        WHEN 'VIEW' THEN 'view'
        WHEN 'LOCAL TEMPORARY' THEN 'table'
        END as type
    from system.information_schema.tables
    where lower(table_schema) = 'main'
    and lower(table_catalog) = 'insurance'
  
[0m16:06:18.531474 [debug] [ThreadPool]: SQL status: OK in 0.003 seconds
[0m16:06:18.532393 [debug] [ThreadPool]: On list_insurance_main: ROLLBACK
[0m16:06:18.534273 [debug] [ThreadPool]: Failed to rollback 'list_insurance_main'
[0m16:06:18.534474 [debug] [ThreadPool]: On list_insurance_main: Close
[0m16:06:18.535469 [debug] [MainThread]: Sending event: {'category': 'dbt', 'action': 'runnable_timing', 'label': 'f2c821f5-63ec-439b-9b20-8ecdd694d366', 'context': [<snowplow_tracker.self_describing_json.SelfDescribingJson object at 0x104da71d0>]}
[0m16:06:18.535735 [debug] [MainThread]: Using duckdb connection "master"
[0m16:06:18.535893 [debug] [MainThread]: On master: BEGIN
[0m16:06:18.536035 [debug] [MainThread]: Opening a new connection, currently in state init
[0m16:06:18.536318 [debug] [MainThread]: SQL status: OK in 0.000 seconds
[0m16:06:18.536471 [debug] [MainThread]: On master: COMMIT
[0m16:06:18.536616 [debug] [MainThread]: Using duckdb connection "master"
[0m16:06:18.536752 [debug] [MainThread]: On master: COMMIT
[0m16:06:18.536956 [debug] [MainThread]: SQL status: OK in 0.000 seconds
[0m16:06:18.537104 [debug] [MainThread]: On master: Close
[0m16:06:18.538509 [debug] [Thread-1 (]: Began running node model.insurance.stg_claims
[0m16:06:18.538778 [info ] [Thread-1 (]: 1 of 6 START sql table model main.stg_claims ................................... [RUN]
[0m16:06:18.539003 [debug] [Thread-1 (]: Re-using an available connection from the pool (formerly list_insurance_main, now model.insurance.stg_claims)
[0m16:06:18.539187 [debug] [Thread-1 (]: Began compiling node model.insurance.stg_claims
[0m16:06:18.542504 [debug] [Thread-1 (]: Writing injected SQL for node "model.insurance.stg_claims"
[0m16:06:18.542895 [debug] [Thread-1 (]: Began executing node model.insurance.stg_claims
[0m16:06:18.559112 [debug] [Thread-1 (]: Writing runtime sql for node "model.insurance.stg_claims"
[0m16:06:18.560127 [debug] [Thread-1 (]: Using duckdb connection "model.insurance.stg_claims"
[0m16:06:18.560333 [debug] [Thread-1 (]: On model.insurance.stg_claims: BEGIN
[0m16:06:18.560500 [debug] [Thread-1 (]: Opening a new connection, currently in state closed
[0m16:06:18.560884 [debug] [Thread-1 (]: SQL status: OK in 0.000 seconds
[0m16:06:18.561057 [debug] [Thread-1 (]: Using duckdb connection "model.insurance.stg_claims"
[0m16:06:18.561236 [debug] [Thread-1 (]: On model.insurance.stg_claims: /* {"app": "dbt", "dbt_version": "1.11.11", "profile_name": "insurance", "target_name": "dev", "node_id": "model.insurance.stg_claims"} */

  
    
    

    create  table
      "insurance"."main"."stg_claims__dbt_tmp"
  
    as (
      select
      claim_id,
      policy_id,
      claim_date,
      claim_type,
      claim_amount,
      status, 
      state,

      case
          when claim_amount < 1000  then 'small'
          when claim_amount < 10000 then 'medium'
          when claim_amount < 30000 then 'large'
          else 'catastrophic'
      end as severity_band,
  
      loaded_at

  from raw_claims
    );
  
  
[0m16:06:18.566364 [debug] [Thread-1 (]: SQL status: OK in 0.005 seconds
[0m16:06:18.569395 [debug] [Thread-1 (]: Using duckdb connection "model.insurance.stg_claims"
[0m16:06:18.569634 [debug] [Thread-1 (]: On model.insurance.stg_claims: /* {"app": "dbt", "dbt_version": "1.11.11", "profile_name": "insurance", "target_name": "dev", "node_id": "model.insurance.stg_claims"} */

    SELECT index_name
    FROM duckdb_indexes()
    WHERE schema_name = 'main'
      AND table_name = 'stg_claims'
  
[0m16:06:18.570156 [debug] [Thread-1 (]: SQL status: OK in 0.000 seconds
[0m16:06:18.570833 [debug] [Thread-1 (]: Using duckdb connection "model.insurance.stg_claims"
[0m16:06:18.571025 [debug] [Thread-1 (]: On model.insurance.stg_claims: /* {"app": "dbt", "dbt_version": "1.11.11", "profile_name": "insurance", "target_name": "dev", "node_id": "model.insurance.stg_claims"} */

    SELECT COUNT(*) as remaining_indexes
    FROM duckdb_indexes()
    WHERE schema_name = 'main'
      AND table_name = 'stg_claims'
  
[0m16:06:18.572180 [debug] [Thread-1 (]: SQL status: OK in 0.001 seconds
[0m16:06:18.575684 [debug] [Thread-1 (]: Using duckdb connection "model.insurance.stg_claims"
[0m16:06:18.575901 [debug] [Thread-1 (]: On model.insurance.stg_claims: /* {"app": "dbt", "dbt_version": "1.11.11", "profile_name": "insurance", "target_name": "dev", "node_id": "model.insurance.stg_claims"} */
alter table "insurance"."main"."stg_claims" rename to "stg_claims__dbt_backup"
[0m16:06:18.576721 [debug] [Thread-1 (]: SQL status: OK in 0.001 seconds
[0m16:06:18.578150 [debug] [Thread-1 (]: Using duckdb connection "model.insurance.stg_claims"
[0m16:06:18.578344 [debug] [Thread-1 (]: On model.insurance.stg_claims: /* {"app": "dbt", "dbt_version": "1.11.11", "profile_name": "insurance", "target_name": "dev", "node_id": "model.insurance.stg_claims"} */
alter table "insurance"."main"."stg_claims__dbt_tmp" rename to "stg_claims"
[0m16:06:18.578636 [debug] [Thread-1 (]: SQL status: OK in 0.000 seconds
[0m16:06:18.587153 [debug] [Thread-1 (]: On model.insurance.stg_claims: COMMIT
[0m16:06:18.587399 [debug] [Thread-1 (]: Using duckdb connection "model.insurance.stg_claims"
[0m16:06:18.587578 [debug] [Thread-1 (]: On model.insurance.stg_claims: COMMIT
[0m16:06:18.588531 [debug] [Thread-1 (]: SQL status: OK in 0.001 seconds
[0m16:06:18.591390 [debug] [Thread-1 (]: Using duckdb connection "model.insurance.stg_claims"
[0m16:06:18.591629 [debug] [Thread-1 (]: On model.insurance.stg_claims: /* {"app": "dbt", "dbt_version": "1.11.11", "profile_name": "insurance", "target_name": "dev", "node_id": "model.insurance.stg_claims"} */

      drop table if exists "insurance"."main"."stg_claims__dbt_backup" cascade
    
[0m16:06:18.592128 [debug] [Thread-1 (]: SQL status: OK in 0.000 seconds
[0m16:06:18.593352 [debug] [Thread-1 (]: On model.insurance.stg_claims: Close
[0m16:06:18.594377 [debug] [Thread-1 (]: Sending event: {'category': 'dbt', 'action': 'run_model', 'label': 'f2c821f5-63ec-439b-9b20-8ecdd694d366', 'context': [<snowplow_tracker.self_describing_json.SelfDescribingJson object at 0x104cce900>]}
[0m16:06:18.594713 [info ] [Thread-1 (]: 1 of 6 OK created sql table model main.stg_claims .............................. [[32mOK[0m in 0.05s]
[0m16:06:18.595009 [debug] [Thread-1 (]: Finished running node model.insurance.stg_claims
[0m16:06:18.595224 [debug] [Thread-1 (]: Began running node model.insurance.stg_policies
[0m16:06:18.595530 [info ] [Thread-1 (]: 2 of 6 START sql table model main.stg_policies ................................. [RUN]
[0m16:06:18.595753 [debug] [Thread-1 (]: Re-using an available connection from the pool (formerly model.insurance.stg_claims, now model.insurance.stg_policies)
[0m16:06:18.595940 [debug] [Thread-1 (]: Began compiling node model.insurance.stg_policies
[0m16:06:18.596924 [debug] [Thread-1 (]: Writing injected SQL for node "model.insurance.stg_policies"
[0m16:06:18.597503 [debug] [Thread-1 (]: Began executing node model.insurance.stg_policies
[0m16:06:18.599106 [debug] [Thread-1 (]: Writing runtime sql for node "model.insurance.stg_policies"
[0m16:06:18.599449 [debug] [Thread-1 (]: Using duckdb connection "model.insurance.stg_policies"
[0m16:06:18.599636 [debug] [Thread-1 (]: On model.insurance.stg_policies: BEGIN
[0m16:06:18.599812 [debug] [Thread-1 (]: Opening a new connection, currently in state closed
[0m16:06:18.600154 [debug] [Thread-1 (]: SQL status: OK in 0.000 seconds
[0m16:06:18.600424 [debug] [Thread-1 (]: Using duckdb connection "model.insurance.stg_policies"
[0m16:06:18.600652 [debug] [Thread-1 (]: On model.insurance.stg_policies: /* {"app": "dbt", "dbt_version": "1.11.11", "profile_name": "insurance", "target_name": "dev", "node_id": "model.insurance.stg_policies"} */

  
    
    

    create  table
      "insurance"."main"."stg_policies__dbt_tmp"
  
    as (
      select
    policy_id,
    policyholder,
    state,
    product_type,
    annual_premium,
    start_date,
    status,

    case
        when annual_premium < 1000 then 'budget'
        when annual_premium < 2500 then 'standard'
        else 'premium'
    end as premium_tier,

    loaded_at
from raw_policies
    );
  
  
[0m16:06:18.602026 [debug] [Thread-1 (]: SQL status: OK in 0.001 seconds
[0m16:06:18.602603 [debug] [Thread-1 (]: Using duckdb connection "model.insurance.stg_policies"
[0m16:06:18.602783 [debug] [Thread-1 (]: On model.insurance.stg_policies: /* {"app": "dbt", "dbt_version": "1.11.11", "profile_name": "insurance", "target_name": "dev", "node_id": "model.insurance.stg_policies"} */

    SELECT index_name
    FROM duckdb_indexes()
    WHERE schema_name = 'main'
      AND table_name = 'stg_policies'
  
[0m16:06:18.603191 [debug] [Thread-1 (]: SQL status: OK in 0.000 seconds
[0m16:06:18.603807 [debug] [Thread-1 (]: Using duckdb connection "model.insurance.stg_policies"
[0m16:06:18.603989 [debug] [Thread-1 (]: On model.insurance.stg_policies: /* {"app": "dbt", "dbt_version": "1.11.11", "profile_name": "insurance", "target_name": "dev", "node_id": "model.insurance.stg_policies"} */

    SELECT COUNT(*) as remaining_indexes
    FROM duckdb_indexes()
    WHERE schema_name = 'main'
      AND table_name = 'stg_policies'
  
[0m16:06:18.604376 [debug] [Thread-1 (]: SQL status: OK in 0.000 seconds
[0m16:06:18.606794 [debug] [Thread-1 (]: Using duckdb connection "model.insurance.stg_policies"
[0m16:06:18.607005 [debug] [Thread-1 (]: On model.insurance.stg_policies: /* {"app": "dbt", "dbt_version": "1.11.11", "profile_name": "insurance", "target_name": "dev", "node_id": "model.insurance.stg_policies"} */
alter table "insurance"."main"."stg_policies" rename to "stg_policies__dbt_backup"
[0m16:06:18.607333 [debug] [Thread-1 (]: SQL status: OK in 0.000 seconds
[0m16:06:18.641302 [debug] [Thread-1 (]: Using duckdb connection "model.insurance.stg_policies"
[0m16:06:18.641596 [debug] [Thread-1 (]: On model.insurance.stg_policies: /* {"app": "dbt", "dbt_version": "1.11.11", "profile_name": "insurance", "target_name": "dev", "node_id": "model.insurance.stg_policies"} */
alter table "insurance"."main"."stg_policies__dbt_tmp" rename to "stg_policies"
[0m16:06:18.642033 [debug] [Thread-1 (]: SQL status: OK in 0.000 seconds
[0m16:06:18.642964 [debug] [Thread-1 (]: On model.insurance.stg_policies: COMMIT
[0m16:06:18.643161 [debug] [Thread-1 (]: Using duckdb connection "model.insurance.stg_policies"
[0m16:06:18.643333 [debug] [Thread-1 (]: On model.insurance.stg_policies: COMMIT
[0m16:06:18.643891 [debug] [Thread-1 (]: SQL status: OK in 0.000 seconds
[0m16:06:18.645008 [debug] [Thread-1 (]: Using duckdb connection "model.insurance.stg_policies"
[0m16:06:18.645204 [debug] [Thread-1 (]: On model.insurance.stg_policies: /* {"app": "dbt", "dbt_version": "1.11.11", "profile_name": "insurance", "target_name": "dev", "node_id": "model.insurance.stg_policies"} */

      drop table if exists "insurance"."main"."stg_policies__dbt_backup" cascade
    
[0m16:06:18.645649 [debug] [Thread-1 (]: SQL status: OK in 0.000 seconds
[0m16:06:18.646423 [debug] [Thread-1 (]: On model.insurance.stg_policies: Close
[0m16:06:18.646728 [debug] [Thread-1 (]: Sending event: {'category': 'dbt', 'action': 'run_model', 'label': 'f2c821f5-63ec-439b-9b20-8ecdd694d366', 'context': [<snowplow_tracker.self_describing_json.SelfDescribingJson object at 0x111b49b50>]}
[0m16:06:18.647057 [info ] [Thread-1 (]: 2 of 6 OK created sql table model main.stg_policies ............................ [[32mOK[0m in 0.05s]
[0m16:06:18.647342 [debug] [Thread-1 (]: Finished running node model.insurance.stg_policies
[0m16:06:18.647547 [debug] [Thread-1 (]: Began running node model.insurance.dim_claim_type
[0m16:06:18.647846 [info ] [Thread-1 (]: 3 of 6 START sql table model main.dim_claim_type ............................... [RUN]
[0m16:06:18.648069 [debug] [Thread-1 (]: Re-using an available connection from the pool (formerly model.insurance.stg_policies, now model.insurance.dim_claim_type)
[0m16:06:18.648255 [debug] [Thread-1 (]: Began compiling node model.insurance.dim_claim_type
[0m16:06:18.649674 [debug] [Thread-1 (]: Writing injected SQL for node "model.insurance.dim_claim_type"
[0m16:06:18.650302 [debug] [Thread-1 (]: Began executing node model.insurance.dim_claim_type
[0m16:06:18.651896 [debug] [Thread-1 (]: Writing runtime sql for node "model.insurance.dim_claim_type"
[0m16:06:18.652264 [debug] [Thread-1 (]: Using duckdb connection "model.insurance.dim_claim_type"
[0m16:06:18.652476 [debug] [Thread-1 (]: On model.insurance.dim_claim_type: BEGIN
[0m16:06:18.652697 [debug] [Thread-1 (]: Opening a new connection, currently in state closed
[0m16:06:18.653057 [debug] [Thread-1 (]: SQL status: OK in 0.000 seconds
[0m16:06:18.653237 [debug] [Thread-1 (]: Using duckdb connection "model.insurance.dim_claim_type"
[0m16:06:18.653415 [debug] [Thread-1 (]: On model.insurance.dim_claim_type: /* {"app": "dbt", "dbt_version": "1.11.11", "profile_name": "insurance", "target_name": "dev", "node_id": "model.insurance.dim_claim_type"} */

  
    
    

    create  table
      "insurance"."main"."dim_claim_type__dbt_tmp"
  
    as (
      select distinct
    claim_type
from "insurance"."main"."stg_claims"
order by claim_type
    );
  
  
[0m16:06:18.657039 [debug] [Thread-1 (]: SQL status: OK in 0.003 seconds
[0m16:06:18.657696 [debug] [Thread-1 (]: Using duckdb connection "model.insurance.dim_claim_type"
[0m16:06:18.657953 [debug] [Thread-1 (]: On model.insurance.dim_claim_type: /* {"app": "dbt", "dbt_version": "1.11.11", "profile_name": "insurance", "target_name": "dev", "node_id": "model.insurance.dim_claim_type"} */

    SELECT index_name
    FROM duckdb_indexes()
    WHERE schema_name = 'main'
      AND table_name = 'dim_claim_type'
  
[0m16:06:18.658445 [debug] [Thread-1 (]: SQL status: OK in 0.000 seconds
[0m16:06:18.659304 [debug] [Thread-1 (]: Using duckdb connection "model.insurance.dim_claim_type"
[0m16:06:18.659556 [debug] [Thread-1 (]: On model.insurance.dim_claim_type: /* {"app": "dbt", "dbt_version": "1.11.11", "profile_name": "insurance", "target_name": "dev", "node_id": "model.insurance.dim_claim_type"} */

    SELECT COUNT(*) as remaining_indexes
    FROM duckdb_indexes()
    WHERE schema_name = 'main'
      AND table_name = 'dim_claim_type'
  
[0m16:06:18.660157 [debug] [Thread-1 (]: SQL status: OK in 0.000 seconds
[0m16:06:18.662004 [debug] [Thread-1 (]: Using duckdb connection "model.insurance.dim_claim_type"
[0m16:06:18.662223 [debug] [Thread-1 (]: On model.insurance.dim_claim_type: /* {"app": "dbt", "dbt_version": "1.11.11", "profile_name": "insurance", "target_name": "dev", "node_id": "model.insurance.dim_claim_type"} */
alter table "insurance"."main"."dim_claim_type" rename to "dim_claim_type__dbt_backup"
[0m16:06:18.662591 [debug] [Thread-1 (]: SQL status: OK in 0.000 seconds
[0m16:06:18.664015 [debug] [Thread-1 (]: Using duckdb connection "model.insurance.dim_claim_type"
[0m16:06:18.664225 [debug] [Thread-1 (]: On model.insurance.dim_claim_type: /* {"app": "dbt", "dbt_version": "1.11.11", "profile_name": "insurance", "target_name": "dev", "node_id": "model.insurance.dim_claim_type"} */
alter table "insurance"."main"."dim_claim_type__dbt_tmp" rename to "dim_claim_type"
[0m16:06:18.664611 [debug] [Thread-1 (]: SQL status: OK in 0.000 seconds
[0m16:06:18.665510 [debug] [Thread-1 (]: On model.insurance.dim_claim_type: COMMIT
[0m16:06:18.665697 [debug] [Thread-1 (]: Using duckdb connection "model.insurance.dim_claim_type"
[0m16:06:18.665868 [debug] [Thread-1 (]: On model.insurance.dim_claim_type: COMMIT
[0m16:06:18.666303 [debug] [Thread-1 (]: SQL status: OK in 0.000 seconds
[0m16:06:18.667459 [debug] [Thread-1 (]: Using duckdb connection "model.insurance.dim_claim_type"
[0m16:06:18.667645 [debug] [Thread-1 (]: On model.insurance.dim_claim_type: /* {"app": "dbt", "dbt_version": "1.11.11", "profile_name": "insurance", "target_name": "dev", "node_id": "model.insurance.dim_claim_type"} */

      drop table if exists "insurance"."main"."dim_claim_type__dbt_backup" cascade
    
[0m16:06:18.668032 [debug] [Thread-1 (]: SQL status: OK in 0.000 seconds
[0m16:06:18.668698 [debug] [Thread-1 (]: On model.insurance.dim_claim_type: Close
[0m16:06:18.668992 [debug] [Thread-1 (]: Sending event: {'category': 'dbt', 'action': 'run_model', 'label': 'f2c821f5-63ec-439b-9b20-8ecdd694d366', 'context': [<snowplow_tracker.self_describing_json.SelfDescribingJson object at 0x104dca0c0>]}
[0m16:06:18.669325 [info ] [Thread-1 (]: 3 of 6 OK created sql table model main.dim_claim_type .......................... [[32mOK[0m in 0.02s]
[0m16:06:18.669606 [debug] [Thread-1 (]: Finished running node model.insurance.dim_claim_type
[0m16:06:18.669803 [debug] [Thread-1 (]: Began running node model.insurance.dim_date
[0m16:06:18.670051 [info ] [Thread-1 (]: 4 of 6 START sql table model main.dim_date ..................................... [RUN]
[0m16:06:18.670260 [debug] [Thread-1 (]: Re-using an available connection from the pool (formerly model.insurance.dim_claim_type, now model.insurance.dim_date)
[0m16:06:18.670437 [debug] [Thread-1 (]: Began compiling node model.insurance.dim_date
[0m16:06:18.671814 [debug] [Thread-1 (]: Writing injected SQL for node "model.insurance.dim_date"
[0m16:06:18.672188 [debug] [Thread-1 (]: Began executing node model.insurance.dim_date
[0m16:06:18.673714 [debug] [Thread-1 (]: Writing runtime sql for node "model.insurance.dim_date"
[0m16:06:18.674055 [debug] [Thread-1 (]: Using duckdb connection "model.insurance.dim_date"
[0m16:06:18.674232 [debug] [Thread-1 (]: On model.insurance.dim_date: BEGIN
[0m16:06:18.674396 [debug] [Thread-1 (]: Opening a new connection, currently in state closed
[0m16:06:18.674755 [debug] [Thread-1 (]: SQL status: OK in 0.000 seconds
[0m16:06:18.674958 [debug] [Thread-1 (]: Using duckdb connection "model.insurance.dim_date"
[0m16:06:18.675155 [debug] [Thread-1 (]: On model.insurance.dim_date: /* {"app": "dbt", "dbt_version": "1.11.11", "profile_name": "insurance", "target_name": "dev", "node_id": "model.insurance.dim_date"} */

  
    
    

    create  table
      "insurance"."main"."dim_date__dbt_tmp"
  
    as (
      select distinct
    claim_date                          as date_day,
    extract(year    from claim_date)    as year,
    extract(month   from claim_date)    as month,
    extract(quarter from claim_date)    as quarter,
    dayname(claim_date)                 as day_of_week
from "insurance"."main"."stg_claims"
order by date_day
    );
  
  
[0m16:06:18.678404 [debug] [Thread-1 (]: SQL status: OK in 0.003 seconds
[0m16:06:18.679190 [debug] [Thread-1 (]: Using duckdb connection "model.insurance.dim_date"
[0m16:06:18.679399 [debug] [Thread-1 (]: On model.insurance.dim_date: /* {"app": "dbt", "dbt_version": "1.11.11", "profile_name": "insurance", "target_name": "dev", "node_id": "model.insurance.dim_date"} */

    SELECT index_name
    FROM duckdb_indexes()
    WHERE schema_name = 'main'
      AND table_name = 'dim_date'
  
[0m16:06:18.679841 [debug] [Thread-1 (]: SQL status: OK in 0.000 seconds
[0m16:06:18.680493 [debug] [Thread-1 (]: Using duckdb connection "model.insurance.dim_date"
[0m16:06:18.680680 [debug] [Thread-1 (]: On model.insurance.dim_date: /* {"app": "dbt", "dbt_version": "1.11.11", "profile_name": "insurance", "target_name": "dev", "node_id": "model.insurance.dim_date"} */

    SELECT COUNT(*) as remaining_indexes
    FROM duckdb_indexes()
    WHERE schema_name = 'main'
      AND table_name = 'dim_date'
  
[0m16:06:18.681138 [debug] [Thread-1 (]: SQL status: OK in 0.000 seconds
[0m16:06:18.684054 [debug] [Thread-1 (]: Using duckdb connection "model.insurance.dim_date"
[0m16:06:18.684321 [debug] [Thread-1 (]: On model.insurance.dim_date: /* {"app": "dbt", "dbt_version": "1.11.11", "profile_name": "insurance", "target_name": "dev", "node_id": "model.insurance.dim_date"} */
alter table "insurance"."main"."dim_date" rename to "dim_date__dbt_backup"
[0m16:06:18.684750 [debug] [Thread-1 (]: SQL status: OK in 0.000 seconds
[0m16:06:18.686211 [debug] [Thread-1 (]: Using duckdb connection "model.insurance.dim_date"
[0m16:06:18.686404 [debug] [Thread-1 (]: On model.insurance.dim_date: /* {"app": "dbt", "dbt_version": "1.11.11", "profile_name": "insurance", "target_name": "dev", "node_id": "model.insurance.dim_date"} */
alter table "insurance"."main"."dim_date__dbt_tmp" rename to "dim_date"
[0m16:06:18.686705 [debug] [Thread-1 (]: SQL status: OK in 0.000 seconds
[0m16:06:18.687555 [debug] [Thread-1 (]: On model.insurance.dim_date: COMMIT
[0m16:06:18.687733 [debug] [Thread-1 (]: Using duckdb connection "model.insurance.dim_date"
[0m16:06:18.687901 [debug] [Thread-1 (]: On model.insurance.dim_date: COMMIT
[0m16:06:18.688319 [debug] [Thread-1 (]: SQL status: OK in 0.000 seconds
[0m16:06:18.689497 [debug] [Thread-1 (]: Using duckdb connection "model.insurance.dim_date"
[0m16:06:18.689692 [debug] [Thread-1 (]: On model.insurance.dim_date: /* {"app": "dbt", "dbt_version": "1.11.11", "profile_name": "insurance", "target_name": "dev", "node_id": "model.insurance.dim_date"} */

      drop table if exists "insurance"."main"."dim_date__dbt_backup" cascade
    
[0m16:06:18.690102 [debug] [Thread-1 (]: SQL status: OK in 0.000 seconds
[0m16:06:18.690759 [debug] [Thread-1 (]: On model.insurance.dim_date: Close
[0m16:06:18.691044 [debug] [Thread-1 (]: Sending event: {'category': 'dbt', 'action': 'run_model', 'label': 'f2c821f5-63ec-439b-9b20-8ecdd694d366', 'context': [<snowplow_tracker.self_describing_json.SelfDescribingJson object at 0x111b264e0>]}
[0m16:06:18.691374 [info ] [Thread-1 (]: 4 of 6 OK created sql table model main.dim_date ................................ [[32mOK[0m in 0.02s]
[0m16:06:18.691659 [debug] [Thread-1 (]: Finished running node model.insurance.dim_date
[0m16:06:18.691863 [debug] [Thread-1 (]: Began running node model.insurance.fct_claims
[0m16:06:18.692131 [info ] [Thread-1 (]: 5 of 6 START sql table model main.fct_claims ................................... [RUN]
[0m16:06:18.692364 [debug] [Thread-1 (]: Re-using an available connection from the pool (formerly model.insurance.dim_date, now model.insurance.fct_claims)
[0m16:06:18.692556 [debug] [Thread-1 (]: Began compiling node model.insurance.fct_claims
[0m16:06:18.693914 [debug] [Thread-1 (]: Writing injected SQL for node "model.insurance.fct_claims"
[0m16:06:18.694627 [debug] [Thread-1 (]: Began executing node model.insurance.fct_claims
[0m16:06:18.696188 [debug] [Thread-1 (]: Writing runtime sql for node "model.insurance.fct_claims"
[0m16:06:18.696520 [debug] [Thread-1 (]: Using duckdb connection "model.insurance.fct_claims"
[0m16:06:18.696701 [debug] [Thread-1 (]: On model.insurance.fct_claims: BEGIN
[0m16:06:18.696868 [debug] [Thread-1 (]: Opening a new connection, currently in state closed
[0m16:06:18.697180 [debug] [Thread-1 (]: SQL status: OK in 0.000 seconds
[0m16:06:18.697352 [debug] [Thread-1 (]: Using duckdb connection "model.insurance.fct_claims"
[0m16:06:18.697536 [debug] [Thread-1 (]: On model.insurance.fct_claims: /* {"app": "dbt", "dbt_version": "1.11.11", "profile_name": "insurance", "target_name": "dev", "node_id": "model.insurance.fct_claims"} */

  
    
    

    create  table
      "insurance"."main"."fct_claims__dbt_tmp"
  
    as (
      select
    claim_id,                       -- the fact's own key (one row per claim)

    -- foreign keys -> dimensions
    policy_id,                      -- joins to dim_policy
    claim_type,                     -- joins to dim_claim_type
    claim_date,                     -- joins to dim_date

    -- measures (the numbers we analyze)
    claim_amount,
    severity_band,

    status
from "insurance"."main"."stg_claims"
    );
  
  
[0m16:06:18.698499 [debug] [Thread-1 (]: SQL status: OK in 0.001 seconds
[0m16:06:18.699149 [debug] [Thread-1 (]: Using duckdb connection "model.insurance.fct_claims"
[0m16:06:18.699433 [debug] [Thread-1 (]: On model.insurance.fct_claims: /* {"app": "dbt", "dbt_version": "1.11.11", "profile_name": "insurance", "target_name": "dev", "node_id": "model.insurance.fct_claims"} */

    SELECT index_name
    FROM duckdb_indexes()
    WHERE schema_name = 'main'
      AND table_name = 'fct_claims'
  
[0m16:06:18.699887 [debug] [Thread-1 (]: SQL status: OK in 0.000 seconds
[0m16:06:18.700515 [debug] [Thread-1 (]: Using duckdb connection "model.insurance.fct_claims"
[0m16:06:18.700701 [debug] [Thread-1 (]: On model.insurance.fct_claims: /* {"app": "dbt", "dbt_version": "1.11.11", "profile_name": "insurance", "target_name": "dev", "node_id": "model.insurance.fct_claims"} */

    SELECT COUNT(*) as remaining_indexes
    FROM duckdb_indexes()
    WHERE schema_name = 'main'
      AND table_name = 'fct_claims'
  
[0m16:06:18.701125 [debug] [Thread-1 (]: SQL status: OK in 0.000 seconds
[0m16:06:18.702863 [debug] [Thread-1 (]: Using duckdb connection "model.insurance.fct_claims"
[0m16:06:18.703080 [debug] [Thread-1 (]: On model.insurance.fct_claims: /* {"app": "dbt", "dbt_version": "1.11.11", "profile_name": "insurance", "target_name": "dev", "node_id": "model.insurance.fct_claims"} */
alter table "insurance"."main"."fct_claims" rename to "fct_claims__dbt_backup"
[0m16:06:18.703440 [debug] [Thread-1 (]: SQL status: OK in 0.000 seconds
[0m16:06:18.704894 [debug] [Thread-1 (]: Using duckdb connection "model.insurance.fct_claims"
[0m16:06:18.705086 [debug] [Thread-1 (]: On model.insurance.fct_claims: /* {"app": "dbt", "dbt_version": "1.11.11", "profile_name": "insurance", "target_name": "dev", "node_id": "model.insurance.fct_claims"} */
alter table "insurance"."main"."fct_claims__dbt_tmp" rename to "fct_claims"
[0m16:06:18.705385 [debug] [Thread-1 (]: SQL status: OK in 0.000 seconds
[0m16:06:18.706246 [debug] [Thread-1 (]: On model.insurance.fct_claims: COMMIT
[0m16:06:18.706432 [debug] [Thread-1 (]: Using duckdb connection "model.insurance.fct_claims"
[0m16:06:18.706595 [debug] [Thread-1 (]: On model.insurance.fct_claims: COMMIT
[0m16:06:18.707093 [debug] [Thread-1 (]: SQL status: OK in 0.000 seconds
[0m16:06:18.708222 [debug] [Thread-1 (]: Using duckdb connection "model.insurance.fct_claims"
[0m16:06:18.708413 [debug] [Thread-1 (]: On model.insurance.fct_claims: /* {"app": "dbt", "dbt_version": "1.11.11", "profile_name": "insurance", "target_name": "dev", "node_id": "model.insurance.fct_claims"} */

      drop table if exists "insurance"."main"."fct_claims__dbt_backup" cascade
    
[0m16:06:18.708814 [debug] [Thread-1 (]: SQL status: OK in 0.000 seconds
[0m16:06:18.709461 [debug] [Thread-1 (]: On model.insurance.fct_claims: Close
[0m16:06:18.709741 [debug] [Thread-1 (]: Sending event: {'category': 'dbt', 'action': 'run_model', 'label': 'f2c821f5-63ec-439b-9b20-8ecdd694d366', 'context': [<snowplow_tracker.self_describing_json.SelfDescribingJson object at 0x11183a000>]}
[0m16:06:18.710053 [info ] [Thread-1 (]: 5 of 6 OK created sql table model main.fct_claims .............................. [[32mOK[0m in 0.02s]
[0m16:06:18.710333 [debug] [Thread-1 (]: Finished running node model.insurance.fct_claims
[0m16:06:18.710541 [debug] [Thread-1 (]: Began running node model.insurance.dim_policy
[0m16:06:18.710761 [info ] [Thread-1 (]: 6 of 6 START sql table model main.dim_policy ................................... [RUN]
[0m16:06:18.711027 [debug] [Thread-1 (]: Re-using an available connection from the pool (formerly model.insurance.fct_claims, now model.insurance.dim_policy)
[0m16:06:18.711232 [debug] [Thread-1 (]: Began compiling node model.insurance.dim_policy
[0m16:06:18.712579 [debug] [Thread-1 (]: Writing injected SQL for node "model.insurance.dim_policy"
[0m16:06:18.712938 [debug] [Thread-1 (]: Began executing node model.insurance.dim_policy
[0m16:06:18.714499 [debug] [Thread-1 (]: Writing runtime sql for node "model.insurance.dim_policy"
[0m16:06:18.714972 [debug] [Thread-1 (]: Using duckdb connection "model.insurance.dim_policy"
[0m16:06:18.715175 [debug] [Thread-1 (]: On model.insurance.dim_policy: BEGIN
[0m16:06:18.715357 [debug] [Thread-1 (]: Opening a new connection, currently in state closed
[0m16:06:18.715842 [debug] [Thread-1 (]: SQL status: OK in 0.000 seconds
[0m16:06:18.716062 [debug] [Thread-1 (]: Using duckdb connection "model.insurance.dim_policy"
[0m16:06:18.716250 [debug] [Thread-1 (]: On model.insurance.dim_policy: /* {"app": "dbt", "dbt_version": "1.11.11", "profile_name": "insurance", "target_name": "dev", "node_id": "model.insurance.dim_policy"} */

  
    
    

    create  table
      "insurance"."main"."dim_policy__dbt_tmp"
  
    as (
      select
    policy_id,          -- the key other tables join to
    policyholder,
    state,
    product_type,
    premium_tier,
    annual_premium,
    status
from "insurance"."main"."stg_policies"
    );
  
  
[0m16:06:18.717026 [debug] [Thread-1 (]: SQL status: OK in 0.001 seconds
[0m16:06:18.717713 [debug] [Thread-1 (]: Using duckdb connection "model.insurance.dim_policy"
[0m16:06:18.717916 [debug] [Thread-1 (]: On model.insurance.dim_policy: /* {"app": "dbt", "dbt_version": "1.11.11", "profile_name": "insurance", "target_name": "dev", "node_id": "model.insurance.dim_policy"} */

    SELECT index_name
    FROM duckdb_indexes()
    WHERE schema_name = 'main'
      AND table_name = 'dim_policy'
  
[0m16:06:18.718349 [debug] [Thread-1 (]: SQL status: OK in 0.000 seconds
[0m16:06:18.718988 [debug] [Thread-1 (]: Using duckdb connection "model.insurance.dim_policy"
[0m16:06:18.719174 [debug] [Thread-1 (]: On model.insurance.dim_policy: /* {"app": "dbt", "dbt_version": "1.11.11", "profile_name": "insurance", "target_name": "dev", "node_id": "model.insurance.dim_policy"} */

    SELECT COUNT(*) as remaining_indexes
    FROM duckdb_indexes()
    WHERE schema_name = 'main'
      AND table_name = 'dim_policy'
  
[0m16:06:18.719587 [debug] [Thread-1 (]: SQL status: OK in 0.000 seconds
[0m16:06:18.722250 [debug] [Thread-1 (]: Using duckdb connection "model.insurance.dim_policy"
[0m16:06:18.722478 [debug] [Thread-1 (]: On model.insurance.dim_policy: /* {"app": "dbt", "dbt_version": "1.11.11", "profile_name": "insurance", "target_name": "dev", "node_id": "model.insurance.dim_policy"} */
alter table "insurance"."main"."dim_policy" rename to "dim_policy__dbt_backup"
[0m16:06:18.722818 [debug] [Thread-1 (]: SQL status: OK in 0.000 seconds
[0m16:06:18.724282 [debug] [Thread-1 (]: Using duckdb connection "model.insurance.dim_policy"
[0m16:06:18.724485 [debug] [Thread-1 (]: On model.insurance.dim_policy: /* {"app": "dbt", "dbt_version": "1.11.11", "profile_name": "insurance", "target_name": "dev", "node_id": "model.insurance.dim_policy"} */
alter table "insurance"."main"."dim_policy__dbt_tmp" rename to "dim_policy"
[0m16:06:18.724840 [debug] [Thread-1 (]: SQL status: OK in 0.000 seconds
[0m16:06:18.725756 [debug] [Thread-1 (]: On model.insurance.dim_policy: COMMIT
[0m16:06:18.725944 [debug] [Thread-1 (]: Using duckdb connection "model.insurance.dim_policy"
[0m16:06:18.726112 [debug] [Thread-1 (]: On model.insurance.dim_policy: COMMIT
[0m16:06:18.726568 [debug] [Thread-1 (]: SQL status: OK in 0.000 seconds
[0m16:06:18.727704 [debug] [Thread-1 (]: Using duckdb connection "model.insurance.dim_policy"
[0m16:06:18.727890 [debug] [Thread-1 (]: On model.insurance.dim_policy: /* {"app": "dbt", "dbt_version": "1.11.11", "profile_name": "insurance", "target_name": "dev", "node_id": "model.insurance.dim_policy"} */

      drop table if exists "insurance"."main"."dim_policy__dbt_backup" cascade
    
[0m16:06:18.728299 [debug] [Thread-1 (]: SQL status: OK in 0.000 seconds
[0m16:06:18.728936 [debug] [Thread-1 (]: On model.insurance.dim_policy: Close
[0m16:06:18.729207 [debug] [Thread-1 (]: Sending event: {'category': 'dbt', 'action': 'run_model', 'label': 'f2c821f5-63ec-439b-9b20-8ecdd694d366', 'context': [<snowplow_tracker.self_describing_json.SelfDescribingJson object at 0x111ba33e0>]}
[0m16:06:18.729514 [info ] [Thread-1 (]: 6 of 6 OK created sql table model main.dim_policy .............................. [[32mOK[0m in 0.02s]
[0m16:06:18.729788 [debug] [Thread-1 (]: Finished running node model.insurance.dim_policy
[0m16:06:18.730412 [debug] [MainThread]: Using duckdb connection "master"
[0m16:06:18.730604 [debug] [MainThread]: On master: BEGIN
[0m16:06:18.730759 [debug] [MainThread]: Opening a new connection, currently in state closed
[0m16:06:18.731078 [debug] [MainThread]: SQL status: OK in 0.000 seconds
[0m16:06:18.731239 [debug] [MainThread]: On master: COMMIT
[0m16:06:18.731391 [debug] [MainThread]: Using duckdb connection "master"
[0m16:06:18.731540 [debug] [MainThread]: On master: COMMIT
[0m16:06:18.731873 [debug] [MainThread]: SQL status: OK in 0.000 seconds
[0m16:06:18.732062 [debug] [MainThread]: On master: Close
[0m16:06:18.732304 [debug] [MainThread]: Connection 'master' was properly closed.
[0m16:06:18.732459 [debug] [MainThread]: Connection 'model.insurance.dim_policy' was properly closed.
[0m16:06:18.732664 [info ] [MainThread]: 
[0m16:06:18.732845 [info ] [MainThread]: Finished running 6 table models in 0 hours 0 minutes and 0.29 seconds (0.29s).
[0m16:06:18.733450 [debug] [MainThread]: Command end result
[0m16:06:18.748676 [debug] [MainThread]: Wrote artifact WritableManifest to /Users/ankita/insurance-platform/transform/target/manifest.json
[0m16:06:18.749968 [debug] [MainThread]: Wrote artifact SemanticManifest to /Users/ankita/insurance-platform/transform/target/semantic_manifest.json
[0m16:06:18.753044 [debug] [MainThread]: Wrote artifact RunExecutionResult to /Users/ankita/insurance-platform/transform/target/run_results.json
[0m16:06:18.753251 [info ] [MainThread]: 
[0m16:06:18.753455 [info ] [MainThread]: [32mCompleted successfully[0m
[0m16:06:18.753616 [info ] [MainThread]: 
[0m16:06:18.753791 [info ] [MainThread]: Done. PASS=6 WARN=0 ERROR=0 SKIP=0 NO-OP=0 TOTAL=6
[0m16:06:18.755586 [debug] [MainThread]: Resource report: {"command_name": "run", "command_success": true, "command_wall_clock_time": 0.8031627, "process_in_blocks": "0", "process_kernel_time": 0.245707, "process_mem_max_rss": "157270016", "process_out_blocks": "0", "process_user_time": 1.27536}
[0m16:06:18.755834 [debug] [MainThread]: Command `dbt run` succeeded at 16:06:18.755793 after 0.80 seconds
[0m16:06:18.756028 [debug] [MainThread]: Sending event: {'category': 'dbt', 'action': 'invocation', 'label': 'end', 'context': [<snowplow_tracker.self_describing_json.SelfDescribingJson object at 0x11142c1d0>, <snowplow_tracker.self_describing_json.SelfDescribingJson object at 0x11142e3f0>, <snowplow_tracker.self_describing_json.SelfDescribingJson object at 0x11142ea20>]}
[0m16:06:18.756217 [debug] [MainThread]: Flushing usage events
[0m16:06:20.242445 [debug] [MainThread]: An error was encountered while trying to flush usage events
[0m16:08:42.485757 [debug] [MainThread]: Sending event: {'category': 'dbt', 'action': 'invocation', 'label': 'start', 'context': [<snowplow_tracker.self_describing_json.SelfDescribingJson object at 0x1044d8fe0>, <snowplow_tracker.self_describing_json.SelfDescribingJson object at 0x104cde630>, <snowplow_tracker.self_describing_json.SelfDescribingJson object at 0x104cde330>]}


============================== 16:08:42.488852 | fb658f5c-fa71-4aba-a64a-e4e7ced99a55 ==============================
[0m16:08:42.488852 [info ] [MainThread]: Running with dbt=1.11.11
[0m16:08:42.489255 [debug] [MainThread]: running dbt with arguments {'quiet': 'False', 'write_json': 'True', 'log_path': '/Users/ankita/insurance-platform/transform/logs', 'printer_width': '80', 'warn_error_options': 'WarnErrorOptionsV2(error=[], warn=[], silence=[])', 'introspect': 'True', 'version_check': 'True', 'use_colors': 'True', 'warn_error': 'None', 'fail_fast': 'False', 'log_cache_events': 'False', 'use_experimental_parser': 'False', 'invocation_command': 'dbt run --profiles-dir .', 'send_anonymous_usage_stats': 'True', 'log_format': 'default', 'debug': 'False', 'static_parser': 'True', 'indirect_selection': 'eager', 'cache_selected_only': 'False', 'partial_parse': 'True', 'empty': 'False', 'profiles_dir': '.', 'target_path': 'None', 'no_print': 'None'}
[0m16:08:42.699921 [debug] [MainThread]: Sending event: {'category': 'dbt', 'action': 'project_id', 'label': 'fb658f5c-fa71-4aba-a64a-e4e7ced99a55', 'context': [<snowplow_tracker.self_describing_json.SelfDescribingJson object at 0x102277800>]}
[0m16:08:42.731763 [debug] [MainThread]: Sending event: {'category': 'dbt', 'action': 'adapter_info', 'label': 'fb658f5c-fa71-4aba-a64a-e4e7ced99a55', 'context': [<snowplow_tracker.self_describing_json.SelfDescribingJson object at 0x10234f1a0>]}
[0m16:08:42.733334 [info ] [MainThread]: Registered adapter: duckdb=1.10.1
[0m16:08:42.799972 [debug] [MainThread]: checksum: 30a8cc8fdcbf66701b0944d4ccce3fa46dd04b61e5df68b9f16d57b2e0e3f0be, vars: {}, profile: , target: , version: 1.11.11
[0m16:08:42.868446 [debug] [MainThread]: Partial parsing enabled: 0 files deleted, 0 files added, 0 files changed.
[0m16:08:42.868722 [debug] [MainThread]: Nothing changed, skipping partial parsing.
[0m16:08:42.868881 [debug] [MainThread]: Partial parsing enabled, no changes found, skipping parsing
[0m16:08:42.888458 [debug] [MainThread]: Sending event: {'category': 'dbt', 'action': 'load_project', 'label': 'fb658f5c-fa71-4aba-a64a-e4e7ced99a55', 'context': [<snowplow_tracker.self_describing_json.SelfDescribingJson object at 0x104faed20>]}
[0m16:08:42.929118 [debug] [MainThread]: Wrote artifact WritableManifest to /Users/ankita/insurance-platform/transform/target/manifest.json
[0m16:08:42.930598 [debug] [MainThread]: Wrote artifact SemanticManifest to /Users/ankita/insurance-platform/transform/target/semantic_manifest.json
[0m16:08:42.937702 [debug] [MainThread]: Sending event: {'category': 'dbt', 'action': 'resource_counts', 'label': 'fb658f5c-fa71-4aba-a64a-e4e7ced99a55', 'context': [<snowplow_tracker.self_describing_json.SelfDescribingJson object at 0x1051598e0>]}
[0m16:08:42.937982 [info ] [MainThread]: Found 6 models, 7 data tests, 485 macros
[0m16:08:42.938179 [debug] [MainThread]: Sending event: {'category': 'dbt', 'action': 'runnable_timing', 'label': 'fb658f5c-fa71-4aba-a64a-e4e7ced99a55', 'context': [<snowplow_tracker.self_describing_json.SelfDescribingJson object at 0x1053268d0>]}
[0m16:08:42.939209 [info ] [MainThread]: 
[0m16:08:42.939403 [info ] [MainThread]: Concurrency: 1 threads (target='dev')
[0m16:08:42.939559 [info ] [MainThread]: 
[0m16:08:42.939818 [debug] [MainThread]: Acquiring new duckdb connection 'master'
[0m16:08:42.942328 [debug] [ThreadPool]: Acquiring new duckdb connection 'list_insurance'
[0m16:08:42.977142 [debug] [ThreadPool]: Using duckdb connection "list_insurance"
[0m16:08:42.977419 [debug] [ThreadPool]: On list_insurance: /* {"app": "dbt", "dbt_version": "1.11.11", "profile_name": "insurance", "target_name": "dev", "connection_name": "list_insurance"} */

    
    select schema_name
    from system.information_schema.schemata
    
    where lower(catalog_name) = '"insurance"'
    
  
  
[0m16:08:42.977602 [debug] [ThreadPool]: Opening a new connection, currently in state init
[0m16:08:42.998250 [debug] [ThreadPool]: SQL status: OK in 0.021 seconds
[0m16:08:42.999410 [debug] [ThreadPool]: On list_insurance: Close
[0m16:08:42.999814 [debug] [ThreadPool]: Re-using an available connection from the pool (formerly list_insurance, now create_insurance_main)
[0m16:08:43.000083 [debug] [ThreadPool]: Creating schema "database: "insurance"
schema: "main"
"
[0m16:08:43.003617 [debug] [ThreadPool]: Using duckdb connection "create_insurance_main"
[0m16:08:43.003829 [debug] [ThreadPool]: On create_insurance_main: /* {"app": "dbt", "dbt_version": "1.11.11", "profile_name": "insurance", "target_name": "dev", "connection_name": "create_insurance_main"} */

    
        select type from duckdb_databases()
        where lower(database_name)='insurance'
        and type='sqlite'
    
  
[0m16:08:43.003993 [debug] [ThreadPool]: Opening a new connection, currently in state closed
[0m16:08:43.004770 [debug] [ThreadPool]: SQL status: OK in 0.001 seconds
[0m16:08:43.005526 [debug] [ThreadPool]: Using duckdb connection "create_insurance_main"
[0m16:08:43.005719 [debug] [ThreadPool]: On create_insurance_main: BEGIN
[0m16:08:43.005978 [debug] [ThreadPool]: SQL status: OK in 0.000 seconds
[0m16:08:43.006135 [debug] [ThreadPool]: Using duckdb connection "create_insurance_main"
[0m16:08:43.006286 [debug] [ThreadPool]: On create_insurance_main: /* {"app": "dbt", "dbt_version": "1.11.11", "profile_name": "insurance", "target_name": "dev", "connection_name": "create_insurance_main"} */

    
    
        create schema if not exists "insurance"."main"
    
[0m16:08:43.006559 [debug] [ThreadPool]: SQL status: OK in 0.000 seconds
[0m16:08:43.006995 [debug] [ThreadPool]: On create_insurance_main: COMMIT
[0m16:08:43.007165 [debug] [ThreadPool]: Using duckdb connection "create_insurance_main"
[0m16:08:43.007318 [debug] [ThreadPool]: On create_insurance_main: COMMIT
[0m16:08:43.007551 [debug] [ThreadPool]: SQL status: OK in 0.000 seconds
[0m16:08:43.007714 [debug] [ThreadPool]: On create_insurance_main: Close
[0m16:08:43.008496 [debug] [ThreadPool]: Re-using an available connection from the pool (formerly create_insurance_main, now list_insurance_main)
[0m16:08:43.011524 [debug] [ThreadPool]: Using duckdb connection "list_insurance_main"
[0m16:08:43.011731 [debug] [ThreadPool]: On list_insurance_main: BEGIN
[0m16:08:43.011886 [debug] [ThreadPool]: Opening a new connection, currently in state closed
[0m16:08:43.012196 [debug] [ThreadPool]: SQL status: OK in 0.000 seconds
[0m16:08:43.012351 [debug] [ThreadPool]: Using duckdb connection "list_insurance_main"
[0m16:08:43.012509 [debug] [ThreadPool]: On list_insurance_main: /* {"app": "dbt", "dbt_version": "1.11.11", "profile_name": "insurance", "target_name": "dev", "connection_name": "list_insurance_main"} */
select
      'insurance' as database,
      table_name as name,
      table_schema as schema,
      CASE table_type
        WHEN 'BASE TABLE' THEN 'table'
        WHEN 'VIEW' THEN 'view'
        WHEN 'LOCAL TEMPORARY' THEN 'table'
        END as type
    from system.information_schema.tables
    where lower(table_schema) = 'main'
    and lower(table_catalog) = 'insurance'
  
[0m16:08:43.015724 [debug] [ThreadPool]: SQL status: OK in 0.003 seconds
[0m16:08:43.016501 [debug] [ThreadPool]: On list_insurance_main: ROLLBACK
[0m16:08:43.018366 [debug] [ThreadPool]: Failed to rollback 'list_insurance_main'
[0m16:08:43.018576 [debug] [ThreadPool]: On list_insurance_main: Close
[0m16:08:43.019579 [debug] [MainThread]: Sending event: {'category': 'dbt', 'action': 'runnable_timing', 'label': 'fb658f5c-fa71-4aba-a64a-e4e7ced99a55', 'context': [<snowplow_tracker.self_describing_json.SelfDescribingJson object at 0x102ba10d0>]}
[0m16:08:43.019837 [debug] [MainThread]: Using duckdb connection "master"
[0m16:08:43.019992 [debug] [MainThread]: On master: BEGIN
[0m16:08:43.020136 [debug] [MainThread]: Opening a new connection, currently in state init
[0m16:08:43.020437 [debug] [MainThread]: SQL status: OK in 0.000 seconds
[0m16:08:43.020618 [debug] [MainThread]: On master: COMMIT
[0m16:08:43.020777 [debug] [MainThread]: Using duckdb connection "master"
[0m16:08:43.020927 [debug] [MainThread]: On master: COMMIT
[0m16:08:43.021165 [debug] [MainThread]: SQL status: OK in 0.000 seconds
[0m16:08:43.021323 [debug] [MainThread]: On master: Close
[0m16:08:43.022563 [debug] [Thread-1 (]: Began running node model.insurance.stg_claims
[0m16:08:43.022842 [info ] [Thread-1 (]: 1 of 6 START sql table model main.stg_claims ................................... [RUN]
[0m16:08:43.023072 [debug] [Thread-1 (]: Re-using an available connection from the pool (formerly list_insurance_main, now model.insurance.stg_claims)
[0m16:08:43.023257 [debug] [Thread-1 (]: Began compiling node model.insurance.stg_claims
[0m16:08:43.026488 [debug] [Thread-1 (]: Writing injected SQL for node "model.insurance.stg_claims"
[0m16:08:43.026867 [debug] [Thread-1 (]: Began executing node model.insurance.stg_claims
[0m16:08:43.045017 [debug] [Thread-1 (]: Writing runtime sql for node "model.insurance.stg_claims"
[0m16:08:43.045671 [debug] [Thread-1 (]: Using duckdb connection "model.insurance.stg_claims"
[0m16:08:43.045870 [debug] [Thread-1 (]: On model.insurance.stg_claims: BEGIN
[0m16:08:43.046045 [debug] [Thread-1 (]: Opening a new connection, currently in state closed
[0m16:08:43.046433 [debug] [Thread-1 (]: SQL status: OK in 0.000 seconds
[0m16:08:43.046608 [debug] [Thread-1 (]: Using duckdb connection "model.insurance.stg_claims"
[0m16:08:43.046784 [debug] [Thread-1 (]: On model.insurance.stg_claims: /* {"app": "dbt", "dbt_version": "1.11.11", "profile_name": "insurance", "target_name": "dev", "node_id": "model.insurance.stg_claims"} */

  
    
    

    create  table
      "insurance"."main"."stg_claims__dbt_tmp"
  
    as (
      select
      claim_id,
      policy_id,
      claim_date,
      claim_type,
      claim_amount,
      status, 
      state,

      case
          when claim_amount < 1000  then 'small'
          when claim_amount < 10000 then 'medium'
          when claim_amount < 30000 then 'large'
          else 'catastrophic'
      end as severity_band,
  
      loaded_at

  from raw_claims
    );
  
  
[0m16:08:43.051697 [debug] [Thread-1 (]: SQL status: OK in 0.005 seconds
[0m16:08:43.054564 [debug] [Thread-1 (]: Using duckdb connection "model.insurance.stg_claims"
[0m16:08:43.054790 [debug] [Thread-1 (]: On model.insurance.stg_claims: /* {"app": "dbt", "dbt_version": "1.11.11", "profile_name": "insurance", "target_name": "dev", "node_id": "model.insurance.stg_claims"} */

    SELECT index_name
    FROM duckdb_indexes()
    WHERE schema_name = 'main'
      AND table_name = 'stg_claims'
  
[0m16:08:43.055247 [debug] [Thread-1 (]: SQL status: OK in 0.000 seconds
[0m16:08:43.055914 [debug] [Thread-1 (]: Using duckdb connection "model.insurance.stg_claims"
[0m16:08:43.056116 [debug] [Thread-1 (]: On model.insurance.stg_claims: /* {"app": "dbt", "dbt_version": "1.11.11", "profile_name": "insurance", "target_name": "dev", "node_id": "model.insurance.stg_claims"} */

    SELECT COUNT(*) as remaining_indexes
    FROM duckdb_indexes()
    WHERE schema_name = 'main'
      AND table_name = 'stg_claims'
  
[0m16:08:43.056923 [debug] [Thread-1 (]: SQL status: OK in 0.001 seconds
[0m16:08:43.060328 [debug] [Thread-1 (]: Using duckdb connection "model.insurance.stg_claims"
[0m16:08:43.060572 [debug] [Thread-1 (]: On model.insurance.stg_claims: /* {"app": "dbt", "dbt_version": "1.11.11", "profile_name": "insurance", "target_name": "dev", "node_id": "model.insurance.stg_claims"} */
alter table "insurance"."main"."stg_claims" rename to "stg_claims__dbt_backup"
[0m16:08:43.061539 [debug] [Thread-1 (]: SQL status: OK in 0.001 seconds
[0m16:08:43.062965 [debug] [Thread-1 (]: Using duckdb connection "model.insurance.stg_claims"
[0m16:08:43.063161 [debug] [Thread-1 (]: On model.insurance.stg_claims: /* {"app": "dbt", "dbt_version": "1.11.11", "profile_name": "insurance", "target_name": "dev", "node_id": "model.insurance.stg_claims"} */
alter table "insurance"."main"."stg_claims__dbt_tmp" rename to "stg_claims"
[0m16:08:43.063460 [debug] [Thread-1 (]: SQL status: OK in 0.000 seconds
[0m16:08:43.071954 [debug] [Thread-1 (]: On model.insurance.stg_claims: COMMIT
[0m16:08:43.072194 [debug] [Thread-1 (]: Using duckdb connection "model.insurance.stg_claims"
[0m16:08:43.072381 [debug] [Thread-1 (]: On model.insurance.stg_claims: COMMIT
[0m16:08:43.073263 [debug] [Thread-1 (]: SQL status: OK in 0.001 seconds
[0m16:08:43.076196 [debug] [Thread-1 (]: Using duckdb connection "model.insurance.stg_claims"
[0m16:08:43.076448 [debug] [Thread-1 (]: On model.insurance.stg_claims: /* {"app": "dbt", "dbt_version": "1.11.11", "profile_name": "insurance", "target_name": "dev", "node_id": "model.insurance.stg_claims"} */

      drop table if exists "insurance"."main"."stg_claims__dbt_backup" cascade
    
[0m16:08:43.077198 [debug] [Thread-1 (]: SQL status: OK in 0.001 seconds
[0m16:08:43.078454 [debug] [Thread-1 (]: On model.insurance.stg_claims: Close
[0m16:08:43.079462 [debug] [Thread-1 (]: Sending event: {'category': 'dbt', 'action': 'run_model', 'label': 'fb658f5c-fa71-4aba-a64a-e4e7ced99a55', 'context': [<snowplow_tracker.self_describing_json.SelfDescribingJson object at 0x102276ab0>]}
[0m16:08:43.079835 [info ] [Thread-1 (]: 1 of 6 OK created sql table model main.stg_claims .............................. [[32mOK[0m in 0.06s]
[0m16:08:43.080138 [debug] [Thread-1 (]: Finished running node model.insurance.stg_claims
[0m16:08:43.080353 [debug] [Thread-1 (]: Began running node model.insurance.stg_policies
[0m16:08:43.080667 [info ] [Thread-1 (]: 2 of 6 START sql table model main.stg_policies ................................. [RUN]
[0m16:08:43.080896 [debug] [Thread-1 (]: Re-using an available connection from the pool (formerly model.insurance.stg_claims, now model.insurance.stg_policies)
[0m16:08:43.081083 [debug] [Thread-1 (]: Began compiling node model.insurance.stg_policies
[0m16:08:43.082085 [debug] [Thread-1 (]: Writing injected SQL for node "model.insurance.stg_policies"
[0m16:08:43.082430 [debug] [Thread-1 (]: Began executing node model.insurance.stg_policies
[0m16:08:43.084005 [debug] [Thread-1 (]: Writing runtime sql for node "model.insurance.stg_policies"
[0m16:08:43.084332 [debug] [Thread-1 (]: Using duckdb connection "model.insurance.stg_policies"
[0m16:08:43.084505 [debug] [Thread-1 (]: On model.insurance.stg_policies: BEGIN
[0m16:08:43.084667 [debug] [Thread-1 (]: Opening a new connection, currently in state closed
[0m16:08:43.085014 [debug] [Thread-1 (]: SQL status: OK in 0.000 seconds
[0m16:08:43.085185 [debug] [Thread-1 (]: Using duckdb connection "model.insurance.stg_policies"
[0m16:08:43.085367 [debug] [Thread-1 (]: On model.insurance.stg_policies: /* {"app": "dbt", "dbt_version": "1.11.11", "profile_name": "insurance", "target_name": "dev", "node_id": "model.insurance.stg_policies"} */

  
    
    

    create  table
      "insurance"."main"."stg_policies__dbt_tmp"
  
    as (
      select
    policy_id,
    policyholder,
    state,
    product_type,
    annual_premium,
    start_date,
    status,

    case
        when annual_premium < 1000 then 'budget'
        when annual_premium < 2500 then 'standard'
        else 'premium'
    end as premium_tier,

    loaded_at
from raw_policies
    );
  
  
[0m16:08:43.086500 [debug] [Thread-1 (]: SQL status: OK in 0.001 seconds
[0m16:08:43.087098 [debug] [Thread-1 (]: Using duckdb connection "model.insurance.stg_policies"
[0m16:08:43.087284 [debug] [Thread-1 (]: On model.insurance.stg_policies: /* {"app": "dbt", "dbt_version": "1.11.11", "profile_name": "insurance", "target_name": "dev", "node_id": "model.insurance.stg_policies"} */

    SELECT index_name
    FROM duckdb_indexes()
    WHERE schema_name = 'main'
      AND table_name = 'stg_policies'
  
[0m16:08:43.087675 [debug] [Thread-1 (]: SQL status: OK in 0.000 seconds
[0m16:08:43.088289 [debug] [Thread-1 (]: Using duckdb connection "model.insurance.stg_policies"
[0m16:08:43.088475 [debug] [Thread-1 (]: On model.insurance.stg_policies: /* {"app": "dbt", "dbt_version": "1.11.11", "profile_name": "insurance", "target_name": "dev", "node_id": "model.insurance.stg_policies"} */

    SELECT COUNT(*) as remaining_indexes
    FROM duckdb_indexes()
    WHERE schema_name = 'main'
      AND table_name = 'stg_policies'
  
[0m16:08:43.088885 [debug] [Thread-1 (]: SQL status: OK in 0.000 seconds
[0m16:08:43.091415 [debug] [Thread-1 (]: Using duckdb connection "model.insurance.stg_policies"
[0m16:08:43.091654 [debug] [Thread-1 (]: On model.insurance.stg_policies: /* {"app": "dbt", "dbt_version": "1.11.11", "profile_name": "insurance", "target_name": "dev", "node_id": "model.insurance.stg_policies"} */
alter table "insurance"."main"."stg_policies" rename to "stg_policies__dbt_backup"
[0m16:08:43.092222 [debug] [Thread-1 (]: SQL status: OK in 0.000 seconds
[0m16:08:43.126142 [debug] [Thread-1 (]: Using duckdb connection "model.insurance.stg_policies"
[0m16:08:43.126430 [debug] [Thread-1 (]: On model.insurance.stg_policies: /* {"app": "dbt", "dbt_version": "1.11.11", "profile_name": "insurance", "target_name": "dev", "node_id": "model.insurance.stg_policies"} */
alter table "insurance"."main"."stg_policies__dbt_tmp" rename to "stg_policies"
[0m16:08:43.126848 [debug] [Thread-1 (]: SQL status: OK in 0.000 seconds
[0m16:08:43.127757 [debug] [Thread-1 (]: On model.insurance.stg_policies: COMMIT
[0m16:08:43.127942 [debug] [Thread-1 (]: Using duckdb connection "model.insurance.stg_policies"
[0m16:08:43.128111 [debug] [Thread-1 (]: On model.insurance.stg_policies: COMMIT
[0m16:08:43.128659 [debug] [Thread-1 (]: SQL status: OK in 0.000 seconds
[0m16:08:43.129881 [debug] [Thread-1 (]: Using duckdb connection "model.insurance.stg_policies"
[0m16:08:43.130087 [debug] [Thread-1 (]: On model.insurance.stg_policies: /* {"app": "dbt", "dbt_version": "1.11.11", "profile_name": "insurance", "target_name": "dev", "node_id": "model.insurance.stg_policies"} */

      drop table if exists "insurance"."main"."stg_policies__dbt_backup" cascade
    
[0m16:08:43.130525 [debug] [Thread-1 (]: SQL status: OK in 0.000 seconds
[0m16:08:43.131247 [debug] [Thread-1 (]: On model.insurance.stg_policies: Close
[0m16:08:43.131549 [debug] [Thread-1 (]: Sending event: {'category': 'dbt', 'action': 'run_model', 'label': 'fb658f5c-fa71-4aba-a64a-e4e7ced99a55', 'context': [<snowplow_tracker.self_describing_json.SelfDescribingJson object at 0x105731b50>]}
[0m16:08:43.131867 [info ] [Thread-1 (]: 2 of 6 OK created sql table model main.stg_policies ............................ [[32mOK[0m in 0.05s]
[0m16:08:43.132150 [debug] [Thread-1 (]: Finished running node model.insurance.stg_policies
[0m16:08:43.132355 [debug] [Thread-1 (]: Began running node model.insurance.dim_claim_type
[0m16:08:43.132692 [info ] [Thread-1 (]: 3 of 6 START sql table model main.dim_claim_type ............................... [RUN]
[0m16:08:43.132940 [debug] [Thread-1 (]: Re-using an available connection from the pool (formerly model.insurance.stg_policies, now model.insurance.dim_claim_type)
[0m16:08:43.133131 [debug] [Thread-1 (]: Began compiling node model.insurance.dim_claim_type
[0m16:08:43.134571 [debug] [Thread-1 (]: Writing injected SQL for node "model.insurance.dim_claim_type"
[0m16:08:43.135203 [debug] [Thread-1 (]: Began executing node model.insurance.dim_claim_type
[0m16:08:43.136769 [debug] [Thread-1 (]: Writing runtime sql for node "model.insurance.dim_claim_type"
[0m16:08:43.137205 [debug] [Thread-1 (]: Using duckdb connection "model.insurance.dim_claim_type"
[0m16:08:43.137416 [debug] [Thread-1 (]: On model.insurance.dim_claim_type: BEGIN
[0m16:08:43.137595 [debug] [Thread-1 (]: Opening a new connection, currently in state closed
[0m16:08:43.137989 [debug] [Thread-1 (]: SQL status: OK in 0.000 seconds
[0m16:08:43.138215 [debug] [Thread-1 (]: Using duckdb connection "model.insurance.dim_claim_type"
[0m16:08:43.138420 [debug] [Thread-1 (]: On model.insurance.dim_claim_type: /* {"app": "dbt", "dbt_version": "1.11.11", "profile_name": "insurance", "target_name": "dev", "node_id": "model.insurance.dim_claim_type"} */

  
    
    

    create  table
      "insurance"."main"."dim_claim_type__dbt_tmp"
  
    as (
      select distinct
    claim_type
from "insurance"."main"."stg_claims"
order by claim_type
    );
  
  
[0m16:08:43.142899 [debug] [Thread-1 (]: SQL status: OK in 0.004 seconds
[0m16:08:43.143717 [debug] [Thread-1 (]: Using duckdb connection "model.insurance.dim_claim_type"
[0m16:08:43.143957 [debug] [Thread-1 (]: On model.insurance.dim_claim_type: /* {"app": "dbt", "dbt_version": "1.11.11", "profile_name": "insurance", "target_name": "dev", "node_id": "model.insurance.dim_claim_type"} */

    SELECT index_name
    FROM duckdb_indexes()
    WHERE schema_name = 'main'
      AND table_name = 'dim_claim_type'
  
[0m16:08:43.144503 [debug] [Thread-1 (]: SQL status: OK in 0.000 seconds
[0m16:08:43.145182 [debug] [Thread-1 (]: Using duckdb connection "model.insurance.dim_claim_type"
[0m16:08:43.145383 [debug] [Thread-1 (]: On model.insurance.dim_claim_type: /* {"app": "dbt", "dbt_version": "1.11.11", "profile_name": "insurance", "target_name": "dev", "node_id": "model.insurance.dim_claim_type"} */

    SELECT COUNT(*) as remaining_indexes
    FROM duckdb_indexes()
    WHERE schema_name = 'main'
      AND table_name = 'dim_claim_type'
  
[0m16:08:43.145837 [debug] [Thread-1 (]: SQL status: OK in 0.000 seconds
[0m16:08:43.147692 [debug] [Thread-1 (]: Using duckdb connection "model.insurance.dim_claim_type"
[0m16:08:43.147950 [debug] [Thread-1 (]: On model.insurance.dim_claim_type: /* {"app": "dbt", "dbt_version": "1.11.11", "profile_name": "insurance", "target_name": "dev", "node_id": "model.insurance.dim_claim_type"} */
alter table "insurance"."main"."dim_claim_type" rename to "dim_claim_type__dbt_backup"
[0m16:08:43.148431 [debug] [Thread-1 (]: SQL status: OK in 0.000 seconds
[0m16:08:43.150229 [debug] [Thread-1 (]: Using duckdb connection "model.insurance.dim_claim_type"
[0m16:08:43.150467 [debug] [Thread-1 (]: On model.insurance.dim_claim_type: /* {"app": "dbt", "dbt_version": "1.11.11", "profile_name": "insurance", "target_name": "dev", "node_id": "model.insurance.dim_claim_type"} */
alter table "insurance"."main"."dim_claim_type__dbt_tmp" rename to "dim_claim_type"
[0m16:08:43.150898 [debug] [Thread-1 (]: SQL status: OK in 0.000 seconds
[0m16:08:43.151807 [debug] [Thread-1 (]: On model.insurance.dim_claim_type: COMMIT
[0m16:08:43.152012 [debug] [Thread-1 (]: Using duckdb connection "model.insurance.dim_claim_type"
[0m16:08:43.152187 [debug] [Thread-1 (]: On model.insurance.dim_claim_type: COMMIT
[0m16:08:43.152648 [debug] [Thread-1 (]: SQL status: OK in 0.000 seconds
[0m16:08:43.153876 [debug] [Thread-1 (]: Using duckdb connection "model.insurance.dim_claim_type"
[0m16:08:43.154079 [debug] [Thread-1 (]: On model.insurance.dim_claim_type: /* {"app": "dbt", "dbt_version": "1.11.11", "profile_name": "insurance", "target_name": "dev", "node_id": "model.insurance.dim_claim_type"} */

      drop table if exists "insurance"."main"."dim_claim_type__dbt_backup" cascade
    
[0m16:08:43.154487 [debug] [Thread-1 (]: SQL status: OK in 0.000 seconds
[0m16:08:43.155149 [debug] [Thread-1 (]: On model.insurance.dim_claim_type: Close
[0m16:08:43.155424 [debug] [Thread-1 (]: Sending event: {'category': 'dbt', 'action': 'run_model', 'label': 'fb658f5c-fa71-4aba-a64a-e4e7ced99a55', 'context': [<snowplow_tracker.self_describing_json.SelfDescribingJson object at 0x104de71d0>]}
[0m16:08:43.155744 [info ] [Thread-1 (]: 3 of 6 OK created sql table model main.dim_claim_type .......................... [[32mOK[0m in 0.02s]
[0m16:08:43.156021 [debug] [Thread-1 (]: Finished running node model.insurance.dim_claim_type
[0m16:08:43.156227 [debug] [Thread-1 (]: Began running node model.insurance.dim_date
[0m16:08:43.156521 [info ] [Thread-1 (]: 4 of 6 START sql table model main.dim_date ..................................... [RUN]
[0m16:08:43.156795 [debug] [Thread-1 (]: Re-using an available connection from the pool (formerly model.insurance.dim_claim_type, now model.insurance.dim_date)
[0m16:08:43.157008 [debug] [Thread-1 (]: Began compiling node model.insurance.dim_date
[0m16:08:43.158713 [debug] [Thread-1 (]: Writing injected SQL for node "model.insurance.dim_date"
[0m16:08:43.159186 [debug] [Thread-1 (]: Began executing node model.insurance.dim_date
[0m16:08:43.160812 [debug] [Thread-1 (]: Writing runtime sql for node "model.insurance.dim_date"
[0m16:08:43.161188 [debug] [Thread-1 (]: Using duckdb connection "model.insurance.dim_date"
[0m16:08:43.161402 [debug] [Thread-1 (]: On model.insurance.dim_date: BEGIN
[0m16:08:43.161592 [debug] [Thread-1 (]: Opening a new connection, currently in state closed
[0m16:08:43.161984 [debug] [Thread-1 (]: SQL status: OK in 0.000 seconds
[0m16:08:43.162166 [debug] [Thread-1 (]: Using duckdb connection "model.insurance.dim_date"
[0m16:08:43.162350 [debug] [Thread-1 (]: On model.insurance.dim_date: /* {"app": "dbt", "dbt_version": "1.11.11", "profile_name": "insurance", "target_name": "dev", "node_id": "model.insurance.dim_date"} */

  
    
    

    create  table
      "insurance"."main"."dim_date__dbt_tmp"
  
    as (
      select distinct
    claim_date                          as date_day,
    extract(year    from claim_date)    as year,
    extract(month   from claim_date)    as month,
    extract(quarter from claim_date)    as quarter,
    dayname(claim_date)                 as day_of_week
from "insurance"."main"."stg_claims"
order by date_day
    );
  
  
[0m16:08:43.166096 [debug] [Thread-1 (]: SQL status: OK in 0.004 seconds
[0m16:08:43.166825 [debug] [Thread-1 (]: Using duckdb connection "model.insurance.dim_date"
[0m16:08:43.167013 [debug] [Thread-1 (]: On model.insurance.dim_date: /* {"app": "dbt", "dbt_version": "1.11.11", "profile_name": "insurance", "target_name": "dev", "node_id": "model.insurance.dim_date"} */

    SELECT index_name
    FROM duckdb_indexes()
    WHERE schema_name = 'main'
      AND table_name = 'dim_date'
  
[0m16:08:43.167437 [debug] [Thread-1 (]: SQL status: OK in 0.000 seconds
[0m16:08:43.168087 [debug] [Thread-1 (]: Using duckdb connection "model.insurance.dim_date"
[0m16:08:43.168277 [debug] [Thread-1 (]: On model.insurance.dim_date: /* {"app": "dbt", "dbt_version": "1.11.11", "profile_name": "insurance", "target_name": "dev", "node_id": "model.insurance.dim_date"} */

    SELECT COUNT(*) as remaining_indexes
    FROM duckdb_indexes()
    WHERE schema_name = 'main'
      AND table_name = 'dim_date'
  
[0m16:08:43.168707 [debug] [Thread-1 (]: SQL status: OK in 0.000 seconds
[0m16:08:43.171277 [debug] [Thread-1 (]: Using duckdb connection "model.insurance.dim_date"
[0m16:08:43.171486 [debug] [Thread-1 (]: On model.insurance.dim_date: /* {"app": "dbt", "dbt_version": "1.11.11", "profile_name": "insurance", "target_name": "dev", "node_id": "model.insurance.dim_date"} */
alter table "insurance"."main"."dim_date" rename to "dim_date__dbt_backup"
[0m16:08:43.171826 [debug] [Thread-1 (]: SQL status: OK in 0.000 seconds
[0m16:08:43.173205 [debug] [Thread-1 (]: Using duckdb connection "model.insurance.dim_date"
[0m16:08:43.173400 [debug] [Thread-1 (]: On model.insurance.dim_date: /* {"app": "dbt", "dbt_version": "1.11.11", "profile_name": "insurance", "target_name": "dev", "node_id": "model.insurance.dim_date"} */
alter table "insurance"."main"."dim_date__dbt_tmp" rename to "dim_date"
[0m16:08:43.173685 [debug] [Thread-1 (]: SQL status: OK in 0.000 seconds
[0m16:08:43.174604 [debug] [Thread-1 (]: On model.insurance.dim_date: COMMIT
[0m16:08:43.174823 [debug] [Thread-1 (]: Using duckdb connection "model.insurance.dim_date"
[0m16:08:43.175012 [debug] [Thread-1 (]: On model.insurance.dim_date: COMMIT
[0m16:08:43.175656 [debug] [Thread-1 (]: SQL status: OK in 0.000 seconds
[0m16:08:43.176991 [debug] [Thread-1 (]: Using duckdb connection "model.insurance.dim_date"
[0m16:08:43.177186 [debug] [Thread-1 (]: On model.insurance.dim_date: /* {"app": "dbt", "dbt_version": "1.11.11", "profile_name": "insurance", "target_name": "dev", "node_id": "model.insurance.dim_date"} */

      drop table if exists "insurance"."main"."dim_date__dbt_backup" cascade
    
[0m16:08:43.177629 [debug] [Thread-1 (]: SQL status: OK in 0.000 seconds
[0m16:08:43.178314 [debug] [Thread-1 (]: On model.insurance.dim_date: Close
[0m16:08:43.178591 [debug] [Thread-1 (]: Sending event: {'category': 'dbt', 'action': 'run_model', 'label': 'fb658f5c-fa71-4aba-a64a-e4e7ced99a55', 'context': [<snowplow_tracker.self_describing_json.SelfDescribingJson object at 0x105709160>]}
[0m16:08:43.178899 [info ] [Thread-1 (]: 4 of 6 OK created sql table model main.dim_date ................................ [[32mOK[0m in 0.02s]
[0m16:08:43.179173 [debug] [Thread-1 (]: Finished running node model.insurance.dim_date
[0m16:08:43.179374 [debug] [Thread-1 (]: Began running node model.insurance.fct_claims
[0m16:08:43.179617 [info ] [Thread-1 (]: 5 of 6 START sql table model main.fct_claims ................................... [RUN]
[0m16:08:43.179822 [debug] [Thread-1 (]: Re-using an available connection from the pool (formerly model.insurance.dim_date, now model.insurance.fct_claims)
[0m16:08:43.180003 [debug] [Thread-1 (]: Began compiling node model.insurance.fct_claims
[0m16:08:43.181363 [debug] [Thread-1 (]: Writing injected SQL for node "model.insurance.fct_claims"
[0m16:08:43.181756 [debug] [Thread-1 (]: Began executing node model.insurance.fct_claims
[0m16:08:43.183356 [debug] [Thread-1 (]: Writing runtime sql for node "model.insurance.fct_claims"
[0m16:08:43.183703 [debug] [Thread-1 (]: Using duckdb connection "model.insurance.fct_claims"
[0m16:08:43.183885 [debug] [Thread-1 (]: On model.insurance.fct_claims: BEGIN
[0m16:08:43.184052 [debug] [Thread-1 (]: Opening a new connection, currently in state closed
[0m16:08:43.184429 [debug] [Thread-1 (]: SQL status: OK in 0.000 seconds
[0m16:08:43.184643 [debug] [Thread-1 (]: Using duckdb connection "model.insurance.fct_claims"
[0m16:08:43.184848 [debug] [Thread-1 (]: On model.insurance.fct_claims: /* {"app": "dbt", "dbt_version": "1.11.11", "profile_name": "insurance", "target_name": "dev", "node_id": "model.insurance.fct_claims"} */

  
    
    

    create  table
      "insurance"."main"."fct_claims__dbt_tmp"
  
    as (
      select
    claim_id,                       -- the fact's own key (one row per claim)

    -- foreign keys -> dimensions
    policy_id,                      -- joins to dim_policy
    claim_type,                     -- joins to dim_claim_type
    claim_date,                     -- joins to dim_date

    -- measures (the numbers we analyze)
    claim_amount,
    severity_band,

    status
from "insurance"."main"."stg_claims"
    );
  
  
[0m16:08:43.185594 [debug] [Thread-1 (]: SQL status: OK in 0.001 seconds
[0m16:08:43.186210 [debug] [Thread-1 (]: Using duckdb connection "model.insurance.fct_claims"
[0m16:08:43.186492 [debug] [Thread-1 (]: On model.insurance.fct_claims: /* {"app": "dbt", "dbt_version": "1.11.11", "profile_name": "insurance", "target_name": "dev", "node_id": "model.insurance.fct_claims"} */

    SELECT index_name
    FROM duckdb_indexes()
    WHERE schema_name = 'main'
      AND table_name = 'fct_claims'
  
[0m16:08:43.186909 [debug] [Thread-1 (]: SQL status: OK in 0.000 seconds
[0m16:08:43.187537 [debug] [Thread-1 (]: Using duckdb connection "model.insurance.fct_claims"
[0m16:08:43.187725 [debug] [Thread-1 (]: On model.insurance.fct_claims: /* {"app": "dbt", "dbt_version": "1.11.11", "profile_name": "insurance", "target_name": "dev", "node_id": "model.insurance.fct_claims"} */

    SELECT COUNT(*) as remaining_indexes
    FROM duckdb_indexes()
    WHERE schema_name = 'main'
      AND table_name = 'fct_claims'
  
[0m16:08:43.188130 [debug] [Thread-1 (]: SQL status: OK in 0.000 seconds
[0m16:08:43.189721 [debug] [Thread-1 (]: Using duckdb connection "model.insurance.fct_claims"
[0m16:08:43.189919 [debug] [Thread-1 (]: On model.insurance.fct_claims: /* {"app": "dbt", "dbt_version": "1.11.11", "profile_name": "insurance", "target_name": "dev", "node_id": "model.insurance.fct_claims"} */
alter table "insurance"."main"."fct_claims" rename to "fct_claims__dbt_backup"
[0m16:08:43.190218 [debug] [Thread-1 (]: SQL status: OK in 0.000 seconds
[0m16:08:43.191722 [debug] [Thread-1 (]: Using duckdb connection "model.insurance.fct_claims"
[0m16:08:43.191949 [debug] [Thread-1 (]: On model.insurance.fct_claims: /* {"app": "dbt", "dbt_version": "1.11.11", "profile_name": "insurance", "target_name": "dev", "node_id": "model.insurance.fct_claims"} */
alter table "insurance"."main"."fct_claims__dbt_tmp" rename to "fct_claims"
[0m16:08:43.192436 [debug] [Thread-1 (]: SQL status: OK in 0.000 seconds
[0m16:08:43.193421 [debug] [Thread-1 (]: On model.insurance.fct_claims: COMMIT
[0m16:08:43.193615 [debug] [Thread-1 (]: Using duckdb connection "model.insurance.fct_claims"
[0m16:08:43.193787 [debug] [Thread-1 (]: On model.insurance.fct_claims: COMMIT
[0m16:08:43.194322 [debug] [Thread-1 (]: SQL status: OK in 0.000 seconds
[0m16:08:43.195494 [debug] [Thread-1 (]: Using duckdb connection "model.insurance.fct_claims"
[0m16:08:43.195676 [debug] [Thread-1 (]: On model.insurance.fct_claims: /* {"app": "dbt", "dbt_version": "1.11.11", "profile_name": "insurance", "target_name": "dev", "node_id": "model.insurance.fct_claims"} */

      drop table if exists "insurance"."main"."fct_claims__dbt_backup" cascade
    
[0m16:08:43.196085 [debug] [Thread-1 (]: SQL status: OK in 0.000 seconds
[0m16:08:43.196747 [debug] [Thread-1 (]: On model.insurance.fct_claims: Close
[0m16:08:43.197021 [debug] [Thread-1 (]: Sending event: {'category': 'dbt', 'action': 'run_model', 'label': 'fb658f5c-fa71-4aba-a64a-e4e7ced99a55', 'context': [<snowplow_tracker.self_describing_json.SelfDescribingJson object at 0x104f68f50>]}
[0m16:08:43.197331 [info ] [Thread-1 (]: 5 of 6 OK created sql table model main.fct_claims .............................. [[32mOK[0m in 0.02s]
[0m16:08:43.197603 [debug] [Thread-1 (]: Finished running node model.insurance.fct_claims
[0m16:08:43.197808 [debug] [Thread-1 (]: Began running node model.insurance.dim_policy
[0m16:08:43.198046 [info ] [Thread-1 (]: 6 of 6 START sql table model main.dim_policy ................................... [RUN]
[0m16:08:43.198257 [debug] [Thread-1 (]: Re-using an available connection from the pool (formerly model.insurance.fct_claims, now model.insurance.dim_policy)
[0m16:08:43.198434 [debug] [Thread-1 (]: Began compiling node model.insurance.dim_policy
[0m16:08:43.199883 [debug] [Thread-1 (]: Writing injected SQL for node "model.insurance.dim_policy"
[0m16:08:43.200299 [debug] [Thread-1 (]: Began executing node model.insurance.dim_policy
[0m16:08:43.201917 [debug] [Thread-1 (]: Writing runtime sql for node "model.insurance.dim_policy"
[0m16:08:43.202267 [debug] [Thread-1 (]: Using duckdb connection "model.insurance.dim_policy"
[0m16:08:43.202445 [debug] [Thread-1 (]: On model.insurance.dim_policy: BEGIN
[0m16:08:43.202611 [debug] [Thread-1 (]: Opening a new connection, currently in state closed
[0m16:08:43.203115 [debug] [Thread-1 (]: SQL status: OK in 0.000 seconds
[0m16:08:43.203330 [debug] [Thread-1 (]: Using duckdb connection "model.insurance.dim_policy"
[0m16:08:43.203527 [debug] [Thread-1 (]: On model.insurance.dim_policy: /* {"app": "dbt", "dbt_version": "1.11.11", "profile_name": "insurance", "target_name": "dev", "node_id": "model.insurance.dim_policy"} */

  
    
    

    create  table
      "insurance"."main"."dim_policy__dbt_tmp"
  
    as (
      select
    policy_id,          -- the key other tables join to
    policyholder,
    state,
    product_type,
    premium_tier,
    annual_premium,
    status
from "insurance"."main"."stg_policies"
    );
  
  
[0m16:08:43.204223 [debug] [Thread-1 (]: SQL status: OK in 0.001 seconds
[0m16:08:43.204863 [debug] [Thread-1 (]: Using duckdb connection "model.insurance.dim_policy"
[0m16:08:43.205048 [debug] [Thread-1 (]: On model.insurance.dim_policy: /* {"app": "dbt", "dbt_version": "1.11.11", "profile_name": "insurance", "target_name": "dev", "node_id": "model.insurance.dim_policy"} */

    SELECT index_name
    FROM duckdb_indexes()
    WHERE schema_name = 'main'
      AND table_name = 'dim_policy'
  
[0m16:08:43.205445 [debug] [Thread-1 (]: SQL status: OK in 0.000 seconds
[0m16:08:43.206066 [debug] [Thread-1 (]: Using duckdb connection "model.insurance.dim_policy"
[0m16:08:43.206250 [debug] [Thread-1 (]: On model.insurance.dim_policy: /* {"app": "dbt", "dbt_version": "1.11.11", "profile_name": "insurance", "target_name": "dev", "node_id": "model.insurance.dim_policy"} */

    SELECT COUNT(*) as remaining_indexes
    FROM duckdb_indexes()
    WHERE schema_name = 'main'
      AND table_name = 'dim_policy'
  
[0m16:08:43.206665 [debug] [Thread-1 (]: SQL status: OK in 0.000 seconds
[0m16:08:43.209984 [debug] [Thread-1 (]: Using duckdb connection "model.insurance.dim_policy"
[0m16:08:43.210296 [debug] [Thread-1 (]: On model.insurance.dim_policy: /* {"app": "dbt", "dbt_version": "1.11.11", "profile_name": "insurance", "target_name": "dev", "node_id": "model.insurance.dim_policy"} */
alter table "insurance"."main"."dim_policy" rename to "dim_policy__dbt_backup"
[0m16:08:43.210735 [debug] [Thread-1 (]: SQL status: OK in 0.000 seconds
[0m16:08:43.212286 [debug] [Thread-1 (]: Using duckdb connection "model.insurance.dim_policy"
[0m16:08:43.212478 [debug] [Thread-1 (]: On model.insurance.dim_policy: /* {"app": "dbt", "dbt_version": "1.11.11", "profile_name": "insurance", "target_name": "dev", "node_id": "model.insurance.dim_policy"} */
alter table "insurance"."main"."dim_policy__dbt_tmp" rename to "dim_policy"
[0m16:08:43.212785 [debug] [Thread-1 (]: SQL status: OK in 0.000 seconds
[0m16:08:43.213643 [debug] [Thread-1 (]: On model.insurance.dim_policy: COMMIT
[0m16:08:43.213826 [debug] [Thread-1 (]: Using duckdb connection "model.insurance.dim_policy"
[0m16:08:43.213992 [debug] [Thread-1 (]: On model.insurance.dim_policy: COMMIT
[0m16:08:43.214501 [debug] [Thread-1 (]: SQL status: OK in 0.000 seconds
[0m16:08:43.215689 [debug] [Thread-1 (]: Using duckdb connection "model.insurance.dim_policy"
[0m16:08:43.215908 [debug] [Thread-1 (]: On model.insurance.dim_policy: /* {"app": "dbt", "dbt_version": "1.11.11", "profile_name": "insurance", "target_name": "dev", "node_id": "model.insurance.dim_policy"} */

      drop table if exists "insurance"."main"."dim_policy__dbt_backup" cascade
    
[0m16:08:43.216376 [debug] [Thread-1 (]: SQL status: OK in 0.000 seconds
[0m16:08:43.217102 [debug] [Thread-1 (]: On model.insurance.dim_policy: Close
[0m16:08:43.217396 [debug] [Thread-1 (]: Sending event: {'category': 'dbt', 'action': 'run_model', 'label': 'fb658f5c-fa71-4aba-a64a-e4e7ced99a55', 'context': [<snowplow_tracker.self_describing_json.SelfDescribingJson object at 0x104ea1370>]}
[0m16:08:43.217711 [info ] [Thread-1 (]: 6 of 6 OK created sql table model main.dim_policy .............................. [[32mOK[0m in 0.02s]
[0m16:08:43.217990 [debug] [Thread-1 (]: Finished running node model.insurance.dim_policy
[0m16:08:43.218578 [debug] [MainThread]: Using duckdb connection "master"
[0m16:08:43.218743 [debug] [MainThread]: On master: BEGIN
[0m16:08:43.218883 [debug] [MainThread]: Opening a new connection, currently in state closed
[0m16:08:43.219192 [debug] [MainThread]: SQL status: OK in 0.000 seconds
[0m16:08:43.219341 [debug] [MainThread]: On master: COMMIT
[0m16:08:43.219484 [debug] [MainThread]: Using duckdb connection "master"
[0m16:08:43.219622 [debug] [MainThread]: On master: COMMIT
[0m16:08:43.219855 [debug] [MainThread]: SQL status: OK in 0.000 seconds
[0m16:08:43.220043 [debug] [MainThread]: On master: Close
[0m16:08:43.220253 [debug] [MainThread]: Connection 'master' was properly closed.
[0m16:08:43.220400 [debug] [MainThread]: Connection 'model.insurance.dim_policy' was properly closed.
[0m16:08:43.220587 [info ] [MainThread]: 
[0m16:08:43.220762 [info ] [MainThread]: Finished running 6 table models in 0 hours 0 minutes and 0.28 seconds (0.28s).
[0m16:08:43.221356 [debug] [MainThread]: Command end result
[0m16:08:43.237006 [debug] [MainThread]: Wrote artifact WritableManifest to /Users/ankita/insurance-platform/transform/target/manifest.json
[0m16:08:43.238093 [debug] [MainThread]: Wrote artifact SemanticManifest to /Users/ankita/insurance-platform/transform/target/semantic_manifest.json
[0m16:08:43.241185 [debug] [MainThread]: Wrote artifact RunExecutionResult to /Users/ankita/insurance-platform/transform/target/run_results.json
[0m16:08:43.241413 [info ] [MainThread]: 
[0m16:08:43.241781 [info ] [MainThread]: [32mCompleted successfully[0m
[0m16:08:43.241981 [info ] [MainThread]: 
[0m16:08:43.242171 [info ] [MainThread]: Done. PASS=6 WARN=0 ERROR=0 SKIP=0 NO-OP=0 TOTAL=6
[0m16:08:43.244087 [debug] [MainThread]: Resource report: {"command_name": "run", "command_success": true, "command_wall_clock_time": 0.7994289, "process_in_blocks": "0", "process_kernel_time": 0.233785, "process_mem_max_rss": "156008448", "process_out_blocks": "0", "process_user_time": 1.279057}
[0m16:08:43.244355 [debug] [MainThread]: Command `dbt run` succeeded at 16:08:43.244310 after 0.80 seconds
[0m16:08:43.244560 [debug] [MainThread]: Sending event: {'category': 'dbt', 'action': 'invocation', 'label': 'end', 'context': [<snowplow_tracker.self_describing_json.SelfDescribingJson object at 0x104ae09b0>, <snowplow_tracker.self_describing_json.SelfDescribingJson object at 0x10485b170>, <snowplow_tracker.self_describing_json.SelfDescribingJson object at 0x104d32720>]}
[0m16:08:43.244761 [debug] [MainThread]: Flushing usage events
[0m16:08:44.823973 [debug] [MainThread]: An error was encountered while trying to flush usage events
[0m16:08:45.845973 [debug] [MainThread]: Sending event: {'category': 'dbt', 'action': 'invocation', 'label': 'start', 'context': [<snowplow_tracker.self_describing_json.SelfDescribingJson object at 0x1077a9010>, <snowplow_tracker.self_describing_json.SelfDescribingJson object at 0x1103fa690>, <snowplow_tracker.self_describing_json.SelfDescribingJson object at 0x1103fa3c0>]}


============================== 16:08:45.848687 | 8bb0b010-fa70-486e-a4c6-d4f44c664b5c ==============================
[0m16:08:45.848687 [info ] [MainThread]: Running with dbt=1.11.11
[0m16:08:45.849073 [debug] [MainThread]: running dbt with arguments {'profiles_dir': '.', 'log_format': 'default', 'empty': 'None', 'send_anonymous_usage_stats': 'True', 'log_path': '/Users/ankita/insurance-platform/transform/logs', 'use_experimental_parser': 'False', 'quiet': 'False', 'printer_width': '80', 'warn_error_options': 'WarnErrorOptionsV2(error=[], warn=[], silence=[])', 'indirect_selection': 'eager', 'introspect': 'True', 'static_parser': 'True', 'debug': 'False', 'use_colors': 'True', 'fail_fast': 'False', 'partial_parse': 'True', 'version_check': 'True', 'invocation_command': 'dbt test --profiles-dir .', 'write_json': 'True', 'cache_selected_only': 'False', 'no_print': 'None', 'warn_error': 'None', 'target_path': 'None', 'log_cache_events': 'False'}
[0m16:08:45.966536 [debug] [MainThread]: Sending event: {'category': 'dbt', 'action': 'project_id', 'label': '8bb0b010-fa70-486e-a4c6-d4f44c664b5c', 'context': [<snowplow_tracker.self_describing_json.SelfDescribingJson object at 0x1111fe420>]}
[0m16:08:45.997447 [debug] [MainThread]: Sending event: {'category': 'dbt', 'action': 'adapter_info', 'label': '8bb0b010-fa70-486e-a4c6-d4f44c664b5c', 'context': [<snowplow_tracker.self_describing_json.SelfDescribingJson object at 0x1077a9010>]}
[0m16:08:45.998511 [info ] [MainThread]: Registered adapter: duckdb=1.10.1
[0m16:08:46.062701 [debug] [MainThread]: checksum: 30a8cc8fdcbf66701b0944d4ccce3fa46dd04b61e5df68b9f16d57b2e0e3f0be, vars: {}, profile: , target: , version: 1.11.11
[0m16:08:46.118907 [debug] [MainThread]: Partial parsing enabled: 0 files deleted, 0 files added, 0 files changed.
[0m16:08:46.119181 [debug] [MainThread]: Nothing changed, skipping partial parsing.
[0m16:08:46.119341 [debug] [MainThread]: Partial parsing enabled, no changes found, skipping parsing
[0m16:08:46.139068 [debug] [MainThread]: Sending event: {'category': 'dbt', 'action': 'load_project', 'label': '8bb0b010-fa70-486e-a4c6-d4f44c664b5c', 'context': [<snowplow_tracker.self_describing_json.SelfDescribingJson object at 0x1112bb2c0>]}
[0m16:08:46.180799 [debug] [MainThread]: Wrote artifact WritableManifest to /Users/ankita/insurance-platform/transform/target/manifest.json
[0m16:08:46.182018 [debug] [MainThread]: Wrote artifact SemanticManifest to /Users/ankita/insurance-platform/transform/target/semantic_manifest.json
[0m16:08:46.192534 [debug] [MainThread]: Sending event: {'category': 'dbt', 'action': 'resource_counts', 'label': '8bb0b010-fa70-486e-a4c6-d4f44c664b5c', 'context': [<snowplow_tracker.self_describing_json.SelfDescribingJson object at 0x1120141d0>]}
[0m16:08:46.192848 [info ] [MainThread]: Found 6 models, 7 data tests, 485 macros
[0m16:08:46.193052 [debug] [MainThread]: Sending event: {'category': 'dbt', 'action': 'runnable_timing', 'label': '8bb0b010-fa70-486e-a4c6-d4f44c664b5c', 'context': [<snowplow_tracker.self_describing_json.SelfDescribingJson object at 0x11128d130>]}
[0m16:08:46.194146 [info ] [MainThread]: 
[0m16:08:46.194358 [info ] [MainThread]: Concurrency: 1 threads (target='dev')
[0m16:08:46.194519 [info ] [MainThread]: 
[0m16:08:46.194789 [debug] [MainThread]: Acquiring new duckdb connection 'master'
[0m16:08:46.197325 [debug] [ThreadPool]: Acquiring new duckdb connection 'list_insurance_main'
[0m16:08:46.224498 [debug] [ThreadPool]: Using duckdb connection "list_insurance_main"
[0m16:08:46.224879 [debug] [ThreadPool]: On list_insurance_main: BEGIN
[0m16:08:46.225074 [debug] [ThreadPool]: Opening a new connection, currently in state init
[0m16:08:46.233322 [debug] [ThreadPool]: SQL status: OK in 0.008 seconds
[0m16:08:46.233578 [debug] [ThreadPool]: Using duckdb connection "list_insurance_main"
[0m16:08:46.233757 [debug] [ThreadPool]: On list_insurance_main: /* {"app": "dbt", "dbt_version": "1.11.11", "profile_name": "insurance", "target_name": "dev", "connection_name": "list_insurance_main"} */
select
      'insurance' as database,
      table_name as name,
      table_schema as schema,
      CASE table_type
        WHEN 'BASE TABLE' THEN 'table'
        WHEN 'VIEW' THEN 'view'
        WHEN 'LOCAL TEMPORARY' THEN 'table'
        END as type
    from system.information_schema.tables
    where lower(table_schema) = 'main'
    and lower(table_catalog) = 'insurance'
  
[0m16:08:46.235819 [debug] [ThreadPool]: SQL status: OK in 0.002 seconds
[0m16:08:46.236724 [debug] [ThreadPool]: On list_insurance_main: ROLLBACK
[0m16:08:46.237450 [debug] [ThreadPool]: Failed to rollback 'list_insurance_main'
[0m16:08:46.237629 [debug] [ThreadPool]: On list_insurance_main: Close
[0m16:08:46.238484 [debug] [MainThread]: Sending event: {'category': 'dbt', 'action': 'runnable_timing', 'label': '8bb0b010-fa70-486e-a4c6-d4f44c664b5c', 'context': [<snowplow_tracker.self_describing_json.SelfDescribingJson object at 0x11128d190>]}
[0m16:08:46.238799 [debug] [MainThread]: Using duckdb connection "master"
[0m16:08:46.238976 [debug] [MainThread]: On master: BEGIN
[0m16:08:46.239137 [debug] [MainThread]: Opening a new connection, currently in state init
[0m16:08:46.239465 [debug] [MainThread]: SQL status: OK in 0.000 seconds
[0m16:08:46.239626 [debug] [MainThread]: On master: COMMIT
[0m16:08:46.239773 [debug] [MainThread]: Using duckdb connection "master"
[0m16:08:46.239914 [debug] [MainThread]: On master: COMMIT
[0m16:08:46.240126 [debug] [MainThread]: SQL status: OK in 0.000 seconds
[0m16:08:46.240274 [debug] [MainThread]: On master: Close
[0m16:08:46.241332 [debug] [Thread-1 (]: Began running node test.insurance.accepted_values_stg_claims_severity_band__small__medium__large__catastrophic.9f62a3f440
[0m16:08:46.241586 [info ] [Thread-1 (]: 1 of 7 START test accepted_values_stg_claims_severity_band__small__medium__large__catastrophic  [RUN]
[0m16:08:46.241832 [debug] [Thread-1 (]: Re-using an available connection from the pool (formerly list_insurance_main, now test.insurance.accepted_values_stg_claims_severity_band__small__medium__large__catastrophic.9f62a3f440)
[0m16:08:46.242022 [debug] [Thread-1 (]: Began compiling node test.insurance.accepted_values_stg_claims_severity_band__small__medium__large__catastrophic.9f62a3f440
[0m16:08:46.251506 [debug] [Thread-1 (]: Writing injected SQL for node "test.insurance.accepted_values_stg_claims_severity_band__small__medium__large__catastrophic.9f62a3f440"
[0m16:08:46.252346 [debug] [Thread-1 (]: Began executing node test.insurance.accepted_values_stg_claims_severity_band__small__medium__large__catastrophic.9f62a3f440
[0m16:08:46.262492 [debug] [Thread-1 (]: Writing runtime sql for node "test.insurance.accepted_values_stg_claims_severity_band__small__medium__large__catastrophic.9f62a3f440"
[0m16:08:46.263232 [debug] [Thread-1 (]: Using duckdb connection "test.insurance.accepted_values_stg_claims_severity_band__small__medium__large__catastrophic.9f62a3f440"
[0m16:08:46.263462 [debug] [Thread-1 (]: On test.insurance.accepted_values_stg_claims_severity_band__small__medium__large__catastrophic.9f62a3f440: BEGIN
[0m16:08:46.263653 [debug] [Thread-1 (]: Opening a new connection, currently in state closed
[0m16:08:46.264046 [debug] [Thread-1 (]: SQL status: OK in 0.000 seconds
[0m16:08:46.264237 [debug] [Thread-1 (]: Using duckdb connection "test.insurance.accepted_values_stg_claims_severity_band__small__medium__large__catastrophic.9f62a3f440"
[0m16:08:46.264435 [debug] [Thread-1 (]: On test.insurance.accepted_values_stg_claims_severity_band__small__medium__large__catastrophic.9f62a3f440: /* {"app": "dbt", "dbt_version": "1.11.11", "profile_name": "insurance", "target_name": "dev", "node_id": "test.insurance.accepted_values_stg_claims_severity_band__small__medium__large__catastrophic.9f62a3f440"} */

    
    select
      count(*) as failures,
      count(*) != 0 as should_warn,
      count(*) != 0 as should_error
    from (
      
    
  
    
    

with all_values as (

    select
        severity_band as value_field,
        count(*) as n_records

    from "insurance"."main"."stg_claims"
    group by severity_band

)

select *
from all_values
where value_field not in (
    'small','medium','large','catastrophic'
)



  
  
      
    ) dbt_internal_test
[0m16:08:46.266094 [debug] [Thread-1 (]: SQL status: OK in 0.001 seconds
[0m16:08:46.268423 [debug] [Thread-1 (]: On test.insurance.accepted_values_stg_claims_severity_band__small__medium__large__catastrophic.9f62a3f440: ROLLBACK
[0m16:08:46.268981 [debug] [Thread-1 (]: Failed to rollback 'test.insurance.accepted_values_stg_claims_severity_band__small__medium__large__catastrophic.9f62a3f440'
[0m16:08:46.269186 [debug] [Thread-1 (]: On test.insurance.accepted_values_stg_claims_severity_band__small__medium__large__catastrophic.9f62a3f440: Close
[0m16:08:46.269511 [info ] [Thread-1 (]: 1 of 7 PASS accepted_values_stg_claims_severity_band__small__medium__large__catastrophic  [[32mPASS[0m in 0.03s]
[0m16:08:46.269803 [debug] [Thread-1 (]: Finished running node test.insurance.accepted_values_stg_claims_severity_band__small__medium__large__catastrophic.9f62a3f440
[0m16:08:46.270014 [debug] [Thread-1 (]: Began running node test.insurance.accepted_values_stg_claims_status__approved__pending__denied.518de2861f
[0m16:08:46.270245 [info ] [Thread-1 (]: 2 of 7 START test accepted_values_stg_claims_status__approved__pending__denied . [RUN]
[0m16:08:46.270463 [debug] [Thread-1 (]: Re-using an available connection from the pool (formerly test.insurance.accepted_values_stg_claims_severity_band__small__medium__large__catastrophic.9f62a3f440, now test.insurance.accepted_values_stg_claims_status__approved__pending__denied.518de2861f)
[0m16:08:46.270647 [debug] [Thread-1 (]: Began compiling node test.insurance.accepted_values_stg_claims_status__approved__pending__denied.518de2861f
[0m16:08:46.273607 [debug] [Thread-1 (]: Writing injected SQL for node "test.insurance.accepted_values_stg_claims_status__approved__pending__denied.518de2861f"
[0m16:08:46.274244 [debug] [Thread-1 (]: Began executing node test.insurance.accepted_values_stg_claims_status__approved__pending__denied.518de2861f
[0m16:08:46.275539 [debug] [Thread-1 (]: Writing runtime sql for node "test.insurance.accepted_values_stg_claims_status__approved__pending__denied.518de2861f"
[0m16:08:46.276031 [debug] [Thread-1 (]: Using duckdb connection "test.insurance.accepted_values_stg_claims_status__approved__pending__denied.518de2861f"
[0m16:08:46.276281 [debug] [Thread-1 (]: On test.insurance.accepted_values_stg_claims_status__approved__pending__denied.518de2861f: BEGIN
[0m16:08:46.276482 [debug] [Thread-1 (]: Opening a new connection, currently in state closed
[0m16:08:46.276874 [debug] [Thread-1 (]: SQL status: OK in 0.000 seconds
[0m16:08:46.277060 [debug] [Thread-1 (]: Using duckdb connection "test.insurance.accepted_values_stg_claims_status__approved__pending__denied.518de2861f"
[0m16:08:46.277259 [debug] [Thread-1 (]: On test.insurance.accepted_values_stg_claims_status__approved__pending__denied.518de2861f: /* {"app": "dbt", "dbt_version": "1.11.11", "profile_name": "insurance", "target_name": "dev", "node_id": "test.insurance.accepted_values_stg_claims_status__approved__pending__denied.518de2861f"} */

    
    select
      count(*) as failures,
      count(*) != 0 as should_warn,
      count(*) != 0 as should_error
    from (
      
    
  
    
    

with all_values as (

    select
        status as value_field,
        count(*) as n_records

    from "insurance"."main"."stg_claims"
    group by status

)

select *
from all_values
where value_field not in (
    'approved','pending','denied'
)



  
  
      
    ) dbt_internal_test
[0m16:08:46.278279 [debug] [Thread-1 (]: SQL status: OK in 0.001 seconds
[0m16:08:46.279328 [debug] [Thread-1 (]: On test.insurance.accepted_values_stg_claims_status__approved__pending__denied.518de2861f: ROLLBACK
[0m16:08:46.279863 [debug] [Thread-1 (]: Failed to rollback 'test.insurance.accepted_values_stg_claims_status__approved__pending__denied.518de2861f'
[0m16:08:46.280061 [debug] [Thread-1 (]: On test.insurance.accepted_values_stg_claims_status__approved__pending__denied.518de2861f: Close
[0m16:08:46.280382 [info ] [Thread-1 (]: 2 of 7 PASS accepted_values_stg_claims_status__approved__pending__denied ....... [[32mPASS[0m in 0.01s]
[0m16:08:46.280671 [debug] [Thread-1 (]: Finished running node test.insurance.accepted_values_stg_claims_status__approved__pending__denied.518de2861f
[0m16:08:46.280877 [debug] [Thread-1 (]: Began running node test.insurance.accepted_values_stg_policies_premium_tier__budget__standard__premium.d0db977ff0
[0m16:08:46.281119 [info ] [Thread-1 (]: 3 of 7 START test accepted_values_stg_policies_premium_tier__budget__standard__premium  [RUN]
[0m16:08:46.281384 [debug] [Thread-1 (]: Re-using an available connection from the pool (formerly test.insurance.accepted_values_stg_claims_status__approved__pending__denied.518de2861f, now test.insurance.accepted_values_stg_policies_premium_tier__budget__standard__premium.d0db977ff0)
[0m16:08:46.281594 [debug] [Thread-1 (]: Began compiling node test.insurance.accepted_values_stg_policies_premium_tier__budget__standard__premium.d0db977ff0
[0m16:08:46.284740 [debug] [Thread-1 (]: Writing injected SQL for node "test.insurance.accepted_values_stg_policies_premium_tier__budget__standard__premium.d0db977ff0"
[0m16:08:46.285206 [debug] [Thread-1 (]: Began executing node test.insurance.accepted_values_stg_policies_premium_tier__budget__standard__premium.d0db977ff0
[0m16:08:46.286546 [debug] [Thread-1 (]: Writing runtime sql for node "test.insurance.accepted_values_stg_policies_premium_tier__budget__standard__premium.d0db977ff0"
[0m16:08:46.287108 [debug] [Thread-1 (]: Using duckdb connection "test.insurance.accepted_values_stg_policies_premium_tier__budget__standard__premium.d0db977ff0"
[0m16:08:46.287333 [debug] [Thread-1 (]: On test.insurance.accepted_values_stg_policies_premium_tier__budget__standard__premium.d0db977ff0: BEGIN
[0m16:08:46.287516 [debug] [Thread-1 (]: Opening a new connection, currently in state closed
[0m16:08:46.287915 [debug] [Thread-1 (]: SQL status: OK in 0.000 seconds
[0m16:08:46.288112 [debug] [Thread-1 (]: Using duckdb connection "test.insurance.accepted_values_stg_policies_premium_tier__budget__standard__premium.d0db977ff0"
[0m16:08:46.288318 [debug] [Thread-1 (]: On test.insurance.accepted_values_stg_policies_premium_tier__budget__standard__premium.d0db977ff0: /* {"app": "dbt", "dbt_version": "1.11.11", "profile_name": "insurance", "target_name": "dev", "node_id": "test.insurance.accepted_values_stg_policies_premium_tier__budget__standard__premium.d0db977ff0"} */

    
    select
      count(*) as failures,
      count(*) != 0 as should_warn,
      count(*) != 0 as should_error
    from (
      
    
  
    
    

with all_values as (

    select
        premium_tier as value_field,
        count(*) as n_records

    from "insurance"."main"."stg_policies"
    group by premium_tier

)

select *
from all_values
where value_field not in (
    'budget','standard','premium'
)



  
  
      
    ) dbt_internal_test
[0m16:08:46.289110 [debug] [Thread-1 (]: SQL status: OK in 0.001 seconds
[0m16:08:46.289928 [debug] [Thread-1 (]: On test.insurance.accepted_values_stg_policies_premium_tier__budget__standard__premium.d0db977ff0: ROLLBACK
[0m16:08:46.290435 [debug] [Thread-1 (]: Failed to rollback 'test.insurance.accepted_values_stg_policies_premium_tier__budget__standard__premium.d0db977ff0'
[0m16:08:46.290617 [debug] [Thread-1 (]: On test.insurance.accepted_values_stg_policies_premium_tier__budget__standard__premium.d0db977ff0: Close
[0m16:08:46.290951 [info ] [Thread-1 (]: 3 of 7 PASS accepted_values_stg_policies_premium_tier__budget__standard__premium  [[32mPASS[0m in 0.01s]
[0m16:08:46.291250 [debug] [Thread-1 (]: Finished running node test.insurance.accepted_values_stg_policies_premium_tier__budget__standard__premium.d0db977ff0
[0m16:08:46.291484 [debug] [Thread-1 (]: Began running node test.insurance.not_null_stg_claims_claim_id.f8032ece86
[0m16:08:46.291716 [info ] [Thread-1 (]: 4 of 7 START test not_null_stg_claims_claim_id ................................. [RUN]
[0m16:08:46.292150 [debug] [Thread-1 (]: Re-using an available connection from the pool (formerly test.insurance.accepted_values_stg_policies_premium_tier__budget__standard__premium.d0db977ff0, now test.insurance.not_null_stg_claims_claim_id.f8032ece86)
[0m16:08:46.292397 [debug] [Thread-1 (]: Began compiling node test.insurance.not_null_stg_claims_claim_id.f8032ece86
[0m16:08:46.295978 [debug] [Thread-1 (]: Writing injected SQL for node "test.insurance.not_null_stg_claims_claim_id.f8032ece86"
[0m16:08:46.296604 [debug] [Thread-1 (]: Began executing node test.insurance.not_null_stg_claims_claim_id.f8032ece86
[0m16:08:46.298768 [debug] [Thread-1 (]: Writing runtime sql for node "test.insurance.not_null_stg_claims_claim_id.f8032ece86"
[0m16:08:46.299189 [debug] [Thread-1 (]: Using duckdb connection "test.insurance.not_null_stg_claims_claim_id.f8032ece86"
[0m16:08:46.299376 [debug] [Thread-1 (]: On test.insurance.not_null_stg_claims_claim_id.f8032ece86: BEGIN
[0m16:08:46.299542 [debug] [Thread-1 (]: Opening a new connection, currently in state closed
[0m16:08:46.299922 [debug] [Thread-1 (]: SQL status: OK in 0.000 seconds
[0m16:08:46.300092 [debug] [Thread-1 (]: Using duckdb connection "test.insurance.not_null_stg_claims_claim_id.f8032ece86"
[0m16:08:46.300270 [debug] [Thread-1 (]: On test.insurance.not_null_stg_claims_claim_id.f8032ece86: /* {"app": "dbt", "dbt_version": "1.11.11", "profile_name": "insurance", "target_name": "dev", "node_id": "test.insurance.not_null_stg_claims_claim_id.f8032ece86"} */

    
    select
      count(*) as failures,
      count(*) != 0 as should_warn,
      count(*) != 0 as should_error
    from (
      
    
  
    
    



select claim_id
from "insurance"."main"."stg_claims"
where claim_id is null



  
  
      
    ) dbt_internal_test
[0m16:08:46.300792 [debug] [Thread-1 (]: SQL status: OK in 0.000 seconds
[0m16:08:46.301636 [debug] [Thread-1 (]: On test.insurance.not_null_stg_claims_claim_id.f8032ece86: ROLLBACK
[0m16:08:46.302165 [debug] [Thread-1 (]: Failed to rollback 'test.insurance.not_null_stg_claims_claim_id.f8032ece86'
[0m16:08:46.302357 [debug] [Thread-1 (]: On test.insurance.not_null_stg_claims_claim_id.f8032ece86: Close
[0m16:08:46.302665 [info ] [Thread-1 (]: 4 of 7 PASS not_null_stg_claims_claim_id ....................................... [[32mPASS[0m in 0.01s]
[0m16:08:46.302951 [debug] [Thread-1 (]: Finished running node test.insurance.not_null_stg_claims_claim_id.f8032ece86
[0m16:08:46.303154 [debug] [Thread-1 (]: Began running node test.insurance.not_null_stg_policies_policy_id.83c6a6a32c
[0m16:08:46.303380 [info ] [Thread-1 (]: 5 of 7 START test not_null_stg_policies_policy_id .............................. [RUN]
[0m16:08:46.303627 [debug] [Thread-1 (]: Re-using an available connection from the pool (formerly test.insurance.not_null_stg_claims_claim_id.f8032ece86, now test.insurance.not_null_stg_policies_policy_id.83c6a6a32c)
[0m16:08:46.303817 [debug] [Thread-1 (]: Began compiling node test.insurance.not_null_stg_policies_policy_id.83c6a6a32c
[0m16:08:46.338844 [debug] [Thread-1 (]: Writing injected SQL for node "test.insurance.not_null_stg_policies_policy_id.83c6a6a32c"
[0m16:08:46.339340 [debug] [Thread-1 (]: Began executing node test.insurance.not_null_stg_policies_policy_id.83c6a6a32c
[0m16:08:46.340504 [debug] [Thread-1 (]: Writing runtime sql for node "test.insurance.not_null_stg_policies_policy_id.83c6a6a32c"
[0m16:08:46.341051 [debug] [Thread-1 (]: Using duckdb connection "test.insurance.not_null_stg_policies_policy_id.83c6a6a32c"
[0m16:08:46.341284 [debug] [Thread-1 (]: On test.insurance.not_null_stg_policies_policy_id.83c6a6a32c: BEGIN
[0m16:08:46.341604 [debug] [Thread-1 (]: Opening a new connection, currently in state closed
[0m16:08:46.342028 [debug] [Thread-1 (]: SQL status: OK in 0.000 seconds
[0m16:08:46.342211 [debug] [Thread-1 (]: Using duckdb connection "test.insurance.not_null_stg_policies_policy_id.83c6a6a32c"
[0m16:08:46.342395 [debug] [Thread-1 (]: On test.insurance.not_null_stg_policies_policy_id.83c6a6a32c: /* {"app": "dbt", "dbt_version": "1.11.11", "profile_name": "insurance", "target_name": "dev", "node_id": "test.insurance.not_null_stg_policies_policy_id.83c6a6a32c"} */

    
    select
      count(*) as failures,
      count(*) != 0 as should_warn,
      count(*) != 0 as should_error
    from (
      
    
  
    
    



select policy_id
from "insurance"."main"."stg_policies"
where policy_id is null



  
  
      
    ) dbt_internal_test
[0m16:08:46.342917 [debug] [Thread-1 (]: SQL status: OK in 0.000 seconds
[0m16:08:46.343733 [debug] [Thread-1 (]: On test.insurance.not_null_stg_policies_policy_id.83c6a6a32c: ROLLBACK
[0m16:08:46.344250 [debug] [Thread-1 (]: Failed to rollback 'test.insurance.not_null_stg_policies_policy_id.83c6a6a32c'
[0m16:08:46.344434 [debug] [Thread-1 (]: On test.insurance.not_null_stg_policies_policy_id.83c6a6a32c: Close
[0m16:08:46.344727 [info ] [Thread-1 (]: 5 of 7 PASS not_null_stg_policies_policy_id .................................... [[32mPASS[0m in 0.04s]
[0m16:08:46.345006 [debug] [Thread-1 (]: Finished running node test.insurance.not_null_stg_policies_policy_id.83c6a6a32c
[0m16:08:46.345207 [debug] [Thread-1 (]: Began running node test.insurance.unique_stg_claims_claim_id.0e20e780e5
[0m16:08:46.345437 [info ] [Thread-1 (]: 6 of 7 START test unique_stg_claims_claim_id ................................... [RUN]
[0m16:08:46.345692 [debug] [Thread-1 (]: Re-using an available connection from the pool (formerly test.insurance.not_null_stg_policies_policy_id.83c6a6a32c, now test.insurance.unique_stg_claims_claim_id.0e20e780e5)
[0m16:08:46.345896 [debug] [Thread-1 (]: Began compiling node test.insurance.unique_stg_claims_claim_id.0e20e780e5
[0m16:08:46.349066 [debug] [Thread-1 (]: Writing injected SQL for node "test.insurance.unique_stg_claims_claim_id.0e20e780e5"
[0m16:08:46.349476 [debug] [Thread-1 (]: Began executing node test.insurance.unique_stg_claims_claim_id.0e20e780e5
[0m16:08:46.350678 [debug] [Thread-1 (]: Writing runtime sql for node "test.insurance.unique_stg_claims_claim_id.0e20e780e5"
[0m16:08:46.351039 [debug] [Thread-1 (]: Using duckdb connection "test.insurance.unique_stg_claims_claim_id.0e20e780e5"
[0m16:08:46.351228 [debug] [Thread-1 (]: On test.insurance.unique_stg_claims_claim_id.0e20e780e5: BEGIN
[0m16:08:46.351437 [debug] [Thread-1 (]: Opening a new connection, currently in state closed
[0m16:08:46.351827 [debug] [Thread-1 (]: SQL status: OK in 0.000 seconds
[0m16:08:46.352006 [debug] [Thread-1 (]: Using duckdb connection "test.insurance.unique_stg_claims_claim_id.0e20e780e5"
[0m16:08:46.352191 [debug] [Thread-1 (]: On test.insurance.unique_stg_claims_claim_id.0e20e780e5: /* {"app": "dbt", "dbt_version": "1.11.11", "profile_name": "insurance", "target_name": "dev", "node_id": "test.insurance.unique_stg_claims_claim_id.0e20e780e5"} */

    
    select
      count(*) as failures,
      count(*) != 0 as should_warn,
      count(*) != 0 as should_error
    from (
      
    
  
    
    

select
    claim_id as unique_field,
    count(*) as n_records

from "insurance"."main"."stg_claims"
where claim_id is not null
group by claim_id
having count(*) > 1



  
  
      
    ) dbt_internal_test
[0m16:08:46.353121 [debug] [Thread-1 (]: SQL status: OK in 0.001 seconds
[0m16:08:46.354054 [debug] [Thread-1 (]: On test.insurance.unique_stg_claims_claim_id.0e20e780e5: ROLLBACK
[0m16:08:46.354551 [debug] [Thread-1 (]: Failed to rollback 'test.insurance.unique_stg_claims_claim_id.0e20e780e5'
[0m16:08:46.354723 [debug] [Thread-1 (]: On test.insurance.unique_stg_claims_claim_id.0e20e780e5: Close
[0m16:08:46.355014 [info ] [Thread-1 (]: 6 of 7 PASS unique_stg_claims_claim_id ......................................... [[32mPASS[0m in 0.01s]
[0m16:08:46.355287 [debug] [Thread-1 (]: Finished running node test.insurance.unique_stg_claims_claim_id.0e20e780e5
[0m16:08:46.355487 [debug] [Thread-1 (]: Began running node test.insurance.unique_stg_policies_policy_id.cb33dd12e6
[0m16:08:46.355668 [info ] [Thread-1 (]: 7 of 7 START test unique_stg_policies_policy_id ................................ [RUN]
[0m16:08:46.355926 [debug] [Thread-1 (]: Re-using an available connection from the pool (formerly test.insurance.unique_stg_claims_claim_id.0e20e780e5, now test.insurance.unique_stg_policies_policy_id.cb33dd12e6)
[0m16:08:46.356141 [debug] [Thread-1 (]: Began compiling node test.insurance.unique_stg_policies_policy_id.cb33dd12e6
[0m16:08:46.358394 [debug] [Thread-1 (]: Writing injected SQL for node "test.insurance.unique_stg_policies_policy_id.cb33dd12e6"
[0m16:08:46.358955 [debug] [Thread-1 (]: Began executing node test.insurance.unique_stg_policies_policy_id.cb33dd12e6
[0m16:08:46.360289 [debug] [Thread-1 (]: Writing runtime sql for node "test.insurance.unique_stg_policies_policy_id.cb33dd12e6"
[0m16:08:46.360749 [debug] [Thread-1 (]: Using duckdb connection "test.insurance.unique_stg_policies_policy_id.cb33dd12e6"
[0m16:08:46.360972 [debug] [Thread-1 (]: On test.insurance.unique_stg_policies_policy_id.cb33dd12e6: BEGIN
[0m16:08:46.361149 [debug] [Thread-1 (]: Opening a new connection, currently in state closed
[0m16:08:46.361530 [debug] [Thread-1 (]: SQL status: OK in 0.000 seconds
[0m16:08:46.361709 [debug] [Thread-1 (]: Using duckdb connection "test.insurance.unique_stg_policies_policy_id.cb33dd12e6"
[0m16:08:46.361898 [debug] [Thread-1 (]: On test.insurance.unique_stg_policies_policy_id.cb33dd12e6: /* {"app": "dbt", "dbt_version": "1.11.11", "profile_name": "insurance", "target_name": "dev", "node_id": "test.insurance.unique_stg_policies_policy_id.cb33dd12e6"} */

    
    select
      count(*) as failures,
      count(*) != 0 as should_warn,
      count(*) != 0 as should_error
    from (
      
    
  
    
    

select
    policy_id as unique_field,
    count(*) as n_records

from "insurance"."main"."stg_policies"
where policy_id is not null
group by policy_id
having count(*) > 1



  
  
      
    ) dbt_internal_test
[0m16:08:46.362769 [debug] [Thread-1 (]: SQL status: OK in 0.001 seconds
[0m16:08:46.363658 [debug] [Thread-1 (]: On test.insurance.unique_stg_policies_policy_id.cb33dd12e6: ROLLBACK
[0m16:08:46.364194 [debug] [Thread-1 (]: Failed to rollback 'test.insurance.unique_stg_policies_policy_id.cb33dd12e6'
[0m16:08:46.364397 [debug] [Thread-1 (]: On test.insurance.unique_stg_policies_policy_id.cb33dd12e6: Close
[0m16:08:46.364710 [info ] [Thread-1 (]: 7 of 7 PASS unique_stg_policies_policy_id ...................................... [[32mPASS[0m in 0.01s]
[0m16:08:46.364990 [debug] [Thread-1 (]: Finished running node test.insurance.unique_stg_policies_policy_id.cb33dd12e6
[0m16:08:46.365551 [debug] [MainThread]: Using duckdb connection "master"
[0m16:08:46.365717 [debug] [MainThread]: On master: BEGIN
[0m16:08:46.365858 [debug] [MainThread]: Opening a new connection, currently in state closed
[0m16:08:46.366131 [debug] [MainThread]: SQL status: OK in 0.000 seconds
[0m16:08:46.366284 [debug] [MainThread]: On master: COMMIT
[0m16:08:46.366429 [debug] [MainThread]: Using duckdb connection "master"
[0m16:08:46.366572 [debug] [MainThread]: On master: COMMIT
[0m16:08:46.366784 [debug] [MainThread]: SQL status: OK in 0.000 seconds
[0m16:08:46.366932 [debug] [MainThread]: On master: Close
[0m16:08:46.367115 [debug] [MainThread]: Connection 'master' was properly closed.
[0m16:08:46.367255 [debug] [MainThread]: Connection 'test.insurance.unique_stg_policies_policy_id.cb33dd12e6' was properly closed.
[0m16:08:46.367418 [info ] [MainThread]: 
[0m16:08:46.367580 [info ] [MainThread]: Finished running 7 data tests in 0 hours 0 minutes and 0.17 seconds (0.17s).
[0m16:08:46.368221 [debug] [MainThread]: Command end result
[0m16:08:46.383796 [debug] [MainThread]: Wrote artifact WritableManifest to /Users/ankita/insurance-platform/transform/target/manifest.json
[0m16:08:46.384956 [debug] [MainThread]: Wrote artifact SemanticManifest to /Users/ankita/insurance-platform/transform/target/semantic_manifest.json
[0m16:08:46.388327 [debug] [MainThread]: Wrote artifact RunExecutionResult to /Users/ankita/insurance-platform/transform/target/run_results.json
[0m16:08:46.388525 [info ] [MainThread]: 
[0m16:08:46.388737 [info ] [MainThread]: [32mCompleted successfully[0m
[0m16:08:46.388916 [info ] [MainThread]: 
[0m16:08:46.389098 [info ] [MainThread]: Done. PASS=7 WARN=0 ERROR=0 SKIP=0 NO-OP=0 TOTAL=7
[0m16:08:46.390718 [debug] [MainThread]: Resource report: {"command_name": "test", "command_success": true, "command_wall_clock_time": 0.58638537, "process_in_blocks": "0", "process_kernel_time": 0.171902, "process_mem_max_rss": "159006720", "process_out_blocks": "0", "process_user_time": 1.180165}
[0m16:08:46.391014 [debug] [MainThread]: Command `dbt test` succeeded at 16:08:46.390966 after 0.59 seconds
[0m16:08:46.391269 [debug] [MainThread]: Sending event: {'category': 'dbt', 'action': 'invocation', 'label': 'end', 'context': [<snowplow_tracker.self_describing_json.SelfDescribingJson object at 0x102336de0>, <snowplow_tracker.self_describing_json.SelfDescribingJson object at 0x107dfe000>, <snowplow_tracker.self_describing_json.SelfDescribingJson object at 0x1112828a0>]}
[0m16:08:46.391588 [debug] [MainThread]: Flushing usage events
[0m16:08:47.463221 [debug] [MainThread]: An error was encountered while trying to flush usage events
